entries,exit,combo,trades,win,gross,charges,net,avg,pf,f60,l40
PLAYBOOK,stop 2 ATR,C1 ATR>=0.4%,21,66.7,2861,922,1939,92.3,1.78,1086 (8),853 (13)
PLAYBOOK,stop 2 ATR,C2 ATR>=0.4% + A only,13,69.2,1999,568,1431,110.1,2.01,655 (5),776 (8)
PLAYBOOK,stop 2 ATR,C3 ATR>=0.4% + RVol>=2,17,64.7,2019,742,1277,75.1,1.61,406 (6),871 (11)
PLAYBOOK,stop 2 ATR,C4 ATR>=0.4% + A only + RVol>=2,12,66.7,1581,522,1060,88.3,1.74,655 (5),405 (7)
PLAYBOOK,stop 2 ATR,C5 ATR>=0.4% + narrow CPR,9,77.8,1825,398,1427,158.5,2.71,324 (4),1102 (5)
PLAYBOOK,stop 2 ATR,C6 C4 + two closes beyond,11,72.7,2020,481,1539,139.9,2.63,655 (5),884 (6)
PLAYBOOK,stop 2 ATR,C7 C4 + RS>=2%,11,72.7,1650,481,1169,106.3,1.89,655 (5),514 (6)
PLAYBOOK,stop 1.5 ATR,C1 ATR>=0.4%,21,57.1,1113,916,197,9.4,1.08,309 (8),-112 (13)
PLAYBOOK,stop 1.5 ATR,C2 ATR>=0.4% + A only,13,69.2,1338,571,767,59.0,1.58,371 (5),396 (8)
PLAYBOOK,stop 1.5 ATR,C3 ATR>=0.4% + RVol>=2,17,58.8,859,741,118,7.0,1.06,174 (6),-56 (11)
PLAYBOOK,stop 1.5 ATR,C4 ATR>=0.4% + A only + RVol>=2,12,66.7,1047,525,521,43.4,1.4,371 (5),150 (7)
PLAYBOOK,stop 1.5 ATR,C5 ATR>=0.4% + narrow CPR,9,55.6,532,393,138,15.4,1.12,-126 (4),265 (5)
PLAYBOOK,stop 1.5 ATR,C6 C4 + two closes beyond,11,72.7,1376,484,891,81.0,1.95,371 (5),520 (6)
PLAYBOOK,stop 1.5 ATR,C7 C4 + RS>=2%,11,72.7,1303,485,818,74.4,1.81,371 (5),447 (6)
PLAYBOOK,stop OR far,C1 ATR>=0.4%,21,57.1,745,879,-134,-6.4,0.96,368 (8),-502 (13)
PLAYBOOK,stop OR far,C2 ATR>=0.4% + A only,13,69.2,791,535,256,19.7,1.1,386 (5),-130 (8)
PLAYBOOK,stop OR far,C3 ATR>=0.4% + RVol>=2,17,58.8,382,709,-326,-19.2,0.89,241 (6),-567 (11)
PLAYBOOK,stop OR far,C4 ATR>=0.4% + A only + RVol>=2,12,66.7,413,494,-80,-6.7,0.97,386 (5),-466 (7)
PLAYBOOK,stop OR far,C5 ATR>=0.4% + narrow CPR,9,55.6,105,371,-265,-29.5,0.84,-286 (4),21 (5)
PLAYBOOK,stop OR far,C6 C4 + two closes beyond,11,72.7,1579,454,1126,102.3,1.81,386 (5),740 (6)
PLAYBOOK,stop OR far,C7 C4 + RS>=2%,11,72.7,482,453,29,2.6,1.01,386 (5),-357 (6)
RVOL>=1.5,stop 2 ATR,C1 ATR>=0.4%,200,42.5,1150,8488,-7337,-36.7,0.8,-5310 (96),-2027 (104)
RVOL>=1.5,stop 2 ATR,C2 ATR>=0.4% + A only,180,41.1,-1362,7626,-8988,-49.9,0.74,-5557 (85),-3431 (95)
RVOL>=1.5,stop 2 ATR,C3 ATR>=0.4% + RVol>=2,150,44.0,2096,6371,-4275,-28.5,0.85,-2476 (71),-1799 (79)
RVOL>=1.5,stop 2 ATR,C4 ATR>=0.4% + A only + RVol>=2,136,42.6,42,5768,-5726,-42.1,0.78,-2692 (64),-3034 (72)
RVOL>=1.5,stop 2 ATR,C5 ATR>=0.4% + narrow CPR,59,55.9,5924,2541,3383,57.3,1.4,2124 (27),1259 (32)
RVOL>=1.5,stop 2 ATR,C6 C4 + two closes beyond,122,42.6,392,5174,-4781,-39.2,0.79,-1709 (55),-3072 (67)
RVOL>=1.5,stop 2 ATR,C7 C4 + RS>=2%,121,42.1,-1102,5131,-6233,-51.5,0.75,-2977 (55),-3256 (66)
RVOL>=1.5,stop 1.5 ATR,C1 ATR>=0.4%,214,43.5,3047,9132,-6086,-28.4,0.81,-3160 (100),-2926 (114)
RVOL>=1.5,stop 1.5 ATR,C2 ATR>=0.4% + A only,189,43.4,2791,8067,-5276,-27.9,0.82,-3075 (89),-2201 (100)
RVOL>=1.5,stop 1.5 ATR,C3 ATR>=0.4% + RVol>=2,162,43.2,2261,6910,-4649,-28.7,0.82,-1019 (73),-3631 (89)
RVOL>=1.5,stop 1.5 ATR,C4 ATR>=0.4% + A only + RVol>=2,143,44.1,2608,6108,-3500,-24.5,0.84,-947 (66),-2553 (77)
RVOL>=1.5,stop 1.5 ATR,C5 ATR>=0.4% + narrow CPR,62,51.6,3839,2672,1167,18.8,1.14,945 (28),223 (34)
RVOL>=1.5,stop 1.5 ATR,C6 C4 + two closes beyond,127,45.7,3173,5432,-2259,-17.8,0.88,-224 (57),-2034 (70)
RVOL>=1.5,stop 1.5 ATR,C7 C4 + RS>=2%,128,42.2,1069,5462,-4393,-34.3,0.79,-1839 (57),-2553 (71)
RVOL>=1.5,stop OR far,C1 ATR>=0.4%,195,47.2,3484,8098,-4614,-23.7,0.89,-3310 (94),-1304 (101)
RVOL>=1.5,stop OR far,C2 ATR>=0.4% + A only,176,46.0,-293,7263,-7555,-42.9,0.82,-5695 (83),-1860 (93)
RVOL>=1.5,stop OR far,C3 ATR>=0.4% + RVol>=2,145,47.6,4641,6023,-1382,-9.5,0.96,563 (69),-1945 (76)
RVOL>=1.5,stop OR far,C4 ATR>=0.4% + A only + RVol>=2,132,47.0,1195,5452,-4257,-32.2,0.87,-2079 (62),-2178 (70)
RVOL>=1.5,stop OR far,C5 ATR>=0.4% + narrow CPR,55,60.0,5535,2288,3246,59.0,1.3,1645 (25),1601 (30)
RVOL>=1.5,stop OR far,C6 C4 + two closes beyond,121,45.5,730,4997,-4267,-35.3,0.86,-2158 (55),-2109 (66)
RVOL>=1.5,stop OR far,C7 C4 + RS>=2%,117,47.0,878,4834,-3955,-33.8,0.87,-1676 (53),-2279 (64)
