Stock,Setup,Side,Entry date-time,Entry price,Stop loss,Target 1 hit (50% booked),Exit date-time,Final exit price,Avg exit price,Exit reason,Qty (Rs 25k),P/L per share,Gross P/L Rs,Charges Rs,Net P/L Rs,Net P/L %
WIPRO,ORB,LONG,2026-07-30 10:20,190.03,188.37,No,2026-07-30 11:30,188.37,188.37,stop,131,-1.66,-217.17,41.13,-258.3,-1.04
BAJFINANCE,ORB,LONG,2026-07-31 11:30,1134.0,1125.19,Yes @ 1147.66,2026-07-31 14:30,1144.0,1145.83,trail,22,11.83,260.29,46.13,214.16,0.86
MANAPPURAM,ORB,SHORT,2026-08-04 09:55,356.95,360.75,No,2026-08-04 15:10,356.6,356.6,15:10 flat,70,0.35,24.5,41.47,-16.97,-0.07
BIOCON,ORB,LONG,2026-08-06 09:55,429.5,425.38,Yes @ 435.60,2026-08-06 10:40,435.05,435.32,trail,58,5.82,337.8,46.15,291.65,1.17
ASTERDM,ORB,LONG,2026-08-06 10:00,852.4,840.28,Yes @ 869.98,2026-08-06 10:45,859.8,864.72,trail,29,12.32,357.18,45.82,311.36,1.26
VAML,VWAP pullback,SHORT,2026-08-07 10:25,478.95,482.96,Yes @ 472.93,2026-08-07 13:45,472.2,472.56,trail,52,6.39,332.03,45.52,286.51,1.15
MOTHERSON,ORB,LONG,2026-08-07 11:15,167.76,165.67,No,2026-08-07 15:10,168.6,168.6,15:10 flat,149,0.84,125.16,41.62,83.54,0.33
ENGINERSIN,ORB,LONG,2026-08-10 10:00,245.03,242.98,Yes @ 248.04,2026-08-10 15:00,247.92,247.98,trail,102,2.95,301.0,46.26,254.74,1.02
PAYTM,ORB,LONG,2026-08-10 10:00,1495.2,1482.97,Yes @ 1515.04,2026-08-10 11:00,1528.7,1521.87,trail,16,26.67,426.75,44.43,382.31,1.6
SYRMA,ORB,LONG,2026-08-10 11:20,1500.9,1485.94,No,2026-08-10 15:10,1514.7,1514.7,15:10 flat,16,13.8,220.8,40.08,180.72,0.75
HINDCOPPER,ORB,LONG,2026-08-12 09:40,544.0,538.98,Yes @ 551.68,2026-08-12 10:15,557.6,554.7,trail,45,10.7,481.67,45.52,436.15,1.78
FORTIS,ORB,SHORT,2026-08-12 11:00,891.0,901.16,No,2026-08-12 15:10,885.9,885.9,15:10 flat,28,5.1,142.8,41.32,101.48,0.41
TMPV,ORB,SHORT,2026-08-12 11:15,338.7,341.72,No,2026-08-12 14:35,341.72,341.72,stop,73,-3.02,-220.57,41.21,-261.79,-1.06
ADANIENSOL,ORB,SHORT,2026-08-13 10:15,1574.4,1591.12,No,2026-08-13 10:45,1591.12,1591.12,stop,15,-16.72,-250.84,39.39,-290.24,-1.23
SAMMAANCAP,ORB,SHORT,2026-08-14 09:50,156.55,158.6,No,2026-08-14 10:05,158.6,158.6,stop,159,-2.05,-326.07,41.57,-367.63,-1.48
SAMMAANCAP,ORB,SHORT,2026-08-14 10:25,156.23,158.51,Yes @ 152.96,2026-08-14 12:55,152.8,152.88,trail,160,3.35,535.66,45.54,490.12,1.96
PPLPHARMA,VWAP pullback,SHORT,2026-08-14 11:30,208.5,210.81,Yes @ 205.15,2026-08-14 14:10,204.64,204.89,trail,119,3.61,429.52,45.28,384.24,1.55
BELRISE,VWAP pullback,SHORT,2026-08-17 09:55,240.97,245.04,Yes @ 234.87,2026-08-17 13:40,233.55,234.2,trail,103,6.77,697.1,45.1,652.0,2.63
HSCL,VWAP pullback,SHORT,2026-08-19 09:55,731.15,744.22,Yes @ 711.54,2026-08-19 13:15,704.75,708.15,trail,34,23.0,782.11,45.11,736.99,2.96
AEQUS,ORB,LONG,2026-08-20 09:45,270.35,267.49,No,2026-08-20 10:10,267.49,267.49,stop,92,-2.86,-263.18,41.05,-304.23,-1.22
HINDZINC,ORB,LONG,2026-08-26 10:00,618.85,613.33,Yes @ 627.35,2026-08-26 14:40,629.7,628.53,trail,40,9.68,387.02,45.92,341.1,1.38
PINELABS,ORB,LONG,2026-08-27 09:55,172.95,170.94,No,2026-08-27 10:25,170.94,170.94,stop,144,-2.01,-288.75,41.08,-329.84,-1.32
KPITTECH,ORB,LONG,2026-08-28 09:40,609.0,603.04,No,2026-08-28 10:00,603.04,603.04,stop,41,-5.96,-244.23,41.23,-285.46,-1.14
REDINGTON,ORB,LONG,2026-08-28 10:05,376.2,370.0,No,2026-08-28 10:40,370.0,370.0,stop,66,-6.2,-409.08,40.84,-449.93,-1.81
VAML,ORB,SHORT,2026-08-31 09:55,437.55,441.65,No,2026-08-31 15:10,434.4,434.4,15:10 flat,57,3.15,179.55,41.28,138.27,0.55
MRPL,ORB,LONG,2026-09-01 10:30,175.6,173.7,No,2026-09-01 12:20,173.7,173.7,stop,142,-1.9,-270.4,41.15,-311.55,-1.25
TATAPOWER,ORB,LONG,2026-09-02 10:25,359.2,356.38,No,2026-09-02 11:20,356.38,356.38,stop,69,-2.82,-194.66,40.97,-235.63,-0.95
KARURVYSYA,ORB,LONG,2026-09-03 09:50,354.7,351.54,No,2026-09-03 12:50,351.54,351.54,stop,70,-3.16,-220.97,41.02,-261.99,-1.06
SWIGGY,VWAP pullback,LONG,2026-09-04 09:55,279.0,275.41,Yes @ 284.39,2026-09-04 14:45,283.45,283.91,trail,89,4.91,437.24,46.11,391.12,1.58
TEJASNET,ORB,LONG,2026-09-04 10:05,602.55,592.5,Yes @ 616.95,2026-09-04 11:15,610.0,613.39,trail,41,10.84,444.44,45.89,398.55,1.61
HBLENGINE,ORB,LONG,2026-09-04 10:20,714.65,704.09,No,2026-09-04 10:50,704.09,704.09,stop,34,-10.56,-359.02,40.01,-399.03,-1.64
SYRMA,ORB,LONG,2026-09-07 11:05,1593.8,1567.21,Yes @ 1632.19,2026-09-07 15:10,1637.8,1635.18,15:10 flat,15,41.38,620.71,44.62,576.09,2.41
ADANIENT,ORB,LONG,2026-09-09 09:50,3033.0,3003.47,Yes @ 3075.80,2026-09-09 11:00,3107.0,3091.4,trail,8,58.4,467.2,45.11,422.1,1.74
MAXHEALTH,ORB,LONG,2026-09-09 10:20,1032.4,1023.36,No,2026-09-09 15:10,1037.5,1037.5,15:10 flat,24,5.1,122.4,41.26,81.14,0.33
MRPL,ORB,LONG,2026-09-09 11:20,180.31,178.28,Yes @ 183.35,2026-09-09 12:40,184.09,183.72,trail,138,3.41,470.55,46.25,424.3,1.71
PAYTM,ORB,LONG,2026-09-11 10:05,1789.4,1767.72,Yes @ 1821.77,2026-09-11 15:10,1807.5,1814.09,15:10 flat,13,24.69,320.91,43.1,277.81,1.19
INDUSTOWER,ORB,LONG,2026-09-11 10:10,382.1,378.47,Yes @ 387.40,2026-09-11 10:40,386.3,386.84,trail,65,4.74,308.19,45.98,262.21,1.06
SUNTV,ORB,LONG,2026-09-11 10:20,475.5,468.65,No,2026-09-11 15:10,475.85,475.85,15:10 flat,52,0.35,18.2,41.07,-22.87,-0.09
TDPOWERSYS,ORB,LONG,2026-09-11 10:45,772.25,762.6,Yes @ 786.42,2026-09-11 15:05,797.85,792.14,trail,32,19.89,636.37,46.12,590.25,2.39
STLTECH,ORB,SHORT,2026-09-15 09:55,857.15,870.94,No,2026-09-15 10:35,870.94,870.94,stop,29,-13.79,-399.98,41.56,-441.55,-1.78
KPITTECH,ORB,LONG,2026-09-15 10:30,578.65,572.23,No,2026-09-15 11:55,572.23,572.23,stop,43,-6.42,-276.22,41.06,-317.28,-1.28
AEQUS,ORB,SHORT,2026-09-15 10:45,224.84,227.49,Yes @ 220.91,2026-09-15 14:45,222.7,221.81,trail,111,3.03,335.84,45.62,290.23,1.16
STLTECH,VWAP pullback,SHORT,2026-09-15 11:00,860.1,877.63,No,2026-09-15 15:10,852.55,852.55,15:10 flat,29,7.55,218.95,41.26,177.69,0.71
TATACHEM,ORB,LONG,2026-09-16 11:00,783.75,761.42,No,2026-09-16 11:05,761.42,761.42,stop,31,-22.33,-692.25,39.69,-731.94,-3.01
HBLENGINE,ORB,LONG,2026-09-17 09:50,735.45,725.99,No,2026-09-17 10:00,725.99,725.99,stop,33,-9.46,-312.33,40.01,-352.34,-1.45
HBLENGINE,ORB,LONG,2026-09-17 11:15,738.35,730.52,Yes @ 750.32,2026-09-17 12:05,744.05,747.09,trail,33,8.74,288.44,45.09,243.35,1.0
PINELABS,ORB,LONG,2026-09-22 09:50,202.95,199.82,No,2026-09-22 09:50,199.82,199.82,stop,123,-3.13,-384.48,41.09,-425.57,-1.7
JSWINFRA,ORB,LONG,2026-09-22 10:00,365.85,360.85,Yes @ 373.51,2026-09-22 11:05,370.45,371.98,trail,68,6.13,416.75,46.18,370.58,1.49
BLUESTONE,ORB,LONG,2026-09-22 10:20,887.5,877.62,Yes @ 903.06,2026-09-22 11:30,899.0,901.03,trail,28,13.53,378.91,46.08,332.83,1.34
AEQUS,ORB,LONG,2026-09-22 11:15,242.36,239.64,No,2026-09-22 11:15,239.64,239.64,stop,103,-2.72,-279.82,41.19,-321.0,-1.29
SBILIFE,ORB,LONG,2026-09-24 09:40,1780.3,1761.57,No,2026-09-24 10:35,1761.57,1761.57,stop,14,-18.73,-262.19,41.14,-303.33,-1.22
SHADOWFAX,ORB,LONG,2026-09-24 10:45,290.25,286.91,No,2026-09-24 10:50,286.91,286.91,stop,86,-3.34,-287.13,41.18,-328.31,-1.32
ADANIPOWER,ORB,LONG,2026-09-30 10:15,203.52,201.34,No,2026-09-30 15:10,203.0,203.0,15:10 flat,122,-0.52,-63.44,41.17,-104.61,-0.42
ETERNAL,ORB,LONG,2026-10-05 09:45,316.25,313.32,Yes @ 320.95,2026-10-05 14:00,319.7,320.32,trail,79,4.07,321.17,46.27,274.9,1.1
TDPOWERSYS,ORB,LONG,2026-10-05 10:05,847.45,826.61,No,2026-10-05 10:25,826.61,826.61,stop,29,-20.84,-604.5,40.24,-644.74,-2.62
EMMVEE,ORB,SHORT,2026-10-05 10:45,291.35,294.99,No,2026-10-05 10:50,294.99,294.99,stop,85,-3.64,-309.38,41.34,-350.73,-1.42
BHEL,ORB,LONG,2026-10-06 10:10,444.8,439.88,Yes @ 451.96,2026-10-06 15:00,452.55,452.25,trail,56,7.45,417.44,46.24,371.2,1.49
CHENNPETRO,ORB,LONG,2026-10-07 09:55,1484.9,1462.25,Yes @ 1519.03,2026-10-07 13:00,1582.1,1550.56,trail,16,65.66,1050.62,44.83,1005.79,4.23
