variant,symbol,setup,side,signal,entry_time,exit_time,entry,stop,avg_exit,qty,gross,charges,net,reason,t1_hit,mfe_R,mae_R,check_grossR,mins_held,time,rvol,rsi,dist_vwap_atr,bar_range_atr,dist_or_atr,dist_ema9_atr,stop_pct,stop_atr,cprw,gap,rs_vs_nifty,nifty_aligned,nifty_30m_before,nifty_30m_after,daily_aligned,day_range_vs_datr,day_close_vs_vwap,post_stop_fav_R,price,atr_pct,weekday,win,cause
base,SONACOMS,A,LONG,2026-07-30 11:10:00,2026-07-30 11:15:00,2026-07-30 11:35:00,743.2999877929688,741.6327202708334,744.895458105809,33,52.65052032372773,45.12949815283468,7.521022170893055,breakeven,True,3.208865134157725,1.349513482466378,0.9797994510126976,20.0,1110,1.719701086540719,73.3028830270961,2.494506985926193,1.3093699026578467,3.460477599881452,0.6480463293515273,0.2243061414659621,0.6237342609037103,0.2388306384571503,-0.3678035272814073,3.4779342019651827,True,0.0243223300486317,-0.0360600935018884,True,2.642031760149932,6.804180698457946,6.597621469835627,743.25,0.3596423050510012,Thu,True,WIN
base,CAMS,A,LONG,2026-07-31 09:35:00,2026-07-31 09:40:00,2026-07-31 10:00:00,801.5,800.7072119480563,802.4890881022171,31,30.661731168730853,45.68850720126671,-15.026776032535857,breakeven,True,6.180749573670887,0.0,1.2554945000967426,20.0,935,2.114452229625118,63.50828876585007,0.4141290879308379,1.3149360297933816,0.5806289552274179,1.4781773547845904,0.0989130445344624,0.2707719958792028,0.1241352090126988,0.3309159623528179,1.2444635892906342,True,-0.1054025276221115,0.1482960972850611,True,0.9627097730473392,-1.0305771486576991,2.5227423585616653,801.5,0.3653001271911062,Fri,False,7 costs flipped it
base,HBLENGINE,B,LONG,2026-07-31 10:45:00,2026-07-31 10:50:00,2026-07-31 13:30:00,729.7000122070312,726.694702890904,726.694702890904,34,-102.18051674832805,41.09940994021223,-143.2799266885403,stop,False,0.3493776122591555,1.0481531458870554,-1.1318217920006874,160.0,1045,6.983228811679539,66.374708545125,0.4443634808792553,0.7533604886657979,0.769733979104916,-0.1599477940270852,0.4118554564686818,0.9843883962823694,0.2567405717397554,0.6472612970502389,3.768663172114695,True,0.0369644012280456,0.0451620187422285,False,1.622317257388077,-2.5942330929462125,-0.1164727434927778,729.25,0.4186453330079886,Fri,False,8 other (normal loss)
base,TMCV,A,LONG,2026-07-31 11:10:00,2026-07-31 11:15:00,2026-07-31 11:25:00,431.75,430.646956680471,432.78243104246,57,58.84856942021781,45.28498150881907,13.56358791139874,breakeven,True,1.949147289521199,0.7252550999631671,0.9095477372262796,10.0,1110,5.159175781927893,76.45698908859325,3.532590879384004,1.012877894728112,5.358395474742816,0.5069594666201371,0.2554819500935678,0.7207967723195963,0.2981116008741971,0.0120467023733361,4.104804253259187,True,0.0172427371586181,0.0176567262986093,True,2.366662719255684,1.898712497817,1.1332283853854213,432.0,0.3542386863375212,Fri,True,WIN
base,GAIL,A,LONG,2026-07-31 11:15:00,2026-07-31 11:20:00,2026-07-31 11:20:00,176.82000732421875,176.56188577341786,176.56188577341786,141,-36.39513866292603,41.36354035136893,-77.75867901429496,stop,False,0.0,2.1307909008421624,-1.0,0.0,1115,2.0212633512895,78.23597542275387,3.056141410414144,1.0492928457298685,5.9023623201321245,1.372214412603196,0.1459798326597735,0.6771230735383403,0.3004856184257133,0.7582101017183485,1.3458371511291478,True,0.0252512778798452,-0.0053391888040543,True,2.3947810266279967,5.23812868357593,2.0920116296269464,176.82000732421875,0.2155883300460411,Fri,False,"1 noise stop (tight stop, then went our way)"
base,PFOCUS,B,LONG,2026-08-03 10:10:00,2026-08-03 10:15:00,2026-08-03 13:00:00,296.8999938964844,295.5098081307339,300.31763322079723,84,287.0817032422801,46.14605210013353,240.93565114214655,trail,True,5.430942034190067,0.2157897170000216,2.522150456334725,165.0,1010,1.6802645813879826,67.09405824600054,0.0330041550671823,0.5783133607599052,1.6035504443021644,0.4270328796138258,0.4682336794641883,0.730891678460772,0.93631970309679,0.6757000941749691,2.5664267120137696,True,0.0861161078636874,0.0392624289307086,True,1.3921724130390252,-0.3273260791835059,5.107235506531642,296.6000061035156,0.6412814308269453,Mon,True,WIN
base,NTPC,B,LONG,2026-08-05 10:45:00,2026-08-05 10:55:00,2026-08-05 10:55:00,347.3499877929688,346.9408518344258,346.9408518344258,71,-29.04865305655329,40.92250441821881,-69.9711574747721,stop,False,0.0,1.7109077847306036,-1.0,0.0,1045,8.062427196784585,61.71915320478214,0.088405898695647,0.5071802143930512,0.8453347540809512,-0.0097709944652861,0.1177878142857058,0.6917136898012493,0.3142555094969009,1.0214193770768931,1.33426474368048,True,-0.0097530068861484,0.0075158652613982,False,1.1498422405046032,4.786442983627163,4.475418604611182e-05,347.20001220703125,0.1703576137518217,Wed,False,2 false breakout (failed immediately)
base,ZYDUSLIFE,A,LONG,2026-08-05 11:10:00,2026-08-05 11:15:00,2026-08-05 11:15:00,1122.9000244140625,1120.0149947216237,1120.0149947216237,22,-63.47065323365405,40.95979825103706,-104.4304514846911,stop,False,0.0,2.391664956567452,-1.0745163826283932,0.0,1110,1.9208000854400928,62.85652715561513,3.383134760502397,0.9471714703619596,1.1225767666185191,1.360093154012817,0.2569266746560318,1.0120989758224048,0.501023525433051,-0.9292035398230092,0.4390602929612908,True,0.1504407483505998,-0.1914239136924789,True,0.8216508365057495,2.6167927996336258,-1.9410460837245795,1122.699951171875,0.2539005245379289,Wed,False,3 late / extended entry
base,CASTROLIND,B,LONG,2026-08-06 10:00:00,2026-08-06 10:05:00,2026-08-06 10:15:00,194.38999633789064,193.6340404700875,193.6340404700875,128,-96.76235107879984,41.2242545711977,-137.98660564999756,stop,False,0.0132250558790169,1.177312559894596,-1.0,10.0,1000,3.911725133467488,73.7260703458323,0.9664219009766698,1.4362828772754404,0.5005107460389583,1.188116111140788,0.388886198901467,1.6450915824184384,0.3295651827309758,3.937897618432373,0.8938173300502616,True,-0.0406098778768959,0.1017643114741728,True,1.3935141589719011,0.9185768766558684,-0.6481892161644627,194.22999572753903,0.2365865556532703,Thu,False,2 false breakout (failed immediately)
base,ASTERDM,A,LONG,2026-08-06 10:05:00,2026-08-06 10:10:00,2026-08-06 10:35:00,867.8499755859375,862.5986312980633,862.5986312980633,28,-147.03764006047732,40.21040176236189,-187.2480418228392,stop,False,1.1140074427422313,1.3234613445404906,-1.1412539826119357,25.0,1005,4.68864868078192,72.30738362065415,3.402608077285978,0.7138851468049545,6.45563529041862,2.670963277902312,0.6050981662272552,0.8062015064985931,0.0712983465166369,-3.663457603649967,6.945481490487914,True,-0.0497301394616456,0.0647876477157582,True,2.771167765656266,-1.4907622518177197,-0.7236219117728107,867.2000122070312,0.7511170350182353,Thu,False,6 gave back profit
base,WELCORP,A,LONG,2026-08-07 09:50:00,2026-08-07 09:55:00,2026-08-07 10:00:00,1850.0,1846.354409633445,1846.354409633445,13,-47.39267476521627,39.8893107749762,-87.28198554019247,stop,False,1.0972159781571404,2.249279361472405,-1.0,5.0,950,1.5905599933184988,69.47560140209018,0.9590797110663024,0.9913444725345508,0.5576253569497118,1.2702597335926202,0.197058938732708,0.5646909488452321,0.2539884250567331,0.5495713417329462,0.75999843301926,True,0.0414480453552634,-0.224391448851835,True,0.6970290483666675,-1.2230688896660522,4.059712512931153,1850.0,0.3489677657056214,Fri,False,6 gave back profit
base,VAML,B,SHORT,2026-08-07 10:20:00,2026-08-07 10:25:00,2026-08-07 10:35:00,478.95,480.1006729406749,480.1006729406749,52,-59.83499291509452,41.39731595840726,-101.23230887350178,stop,False,0.2172535601837117,2.650622859186313,-1.0,10.0,1020,1.6693188430521462,45.447101299853095,0.4063366097458889,0.4484742789734303,-1.5198337251758751,0.1558244909723883,0.2402490741569881,0.573389685662573,0.2189298956643486,0.1664387398579769,0.3383331370744868,True,0.1931219673977136,0.0172942797341812,False,0.852551593100796,3.208708082632254,3.0851565010588136,479.0,0.4189541632370724,Fri,False,"1 noise stop (tight stop, then went our way)"
base,FORTIS,A,SHORT,2026-08-12 10:55:00,2026-08-12 11:00:00,2026-08-12 11:10:00,891.0,894.6530295551258,887.8147278336556,28,89.18762065764213,45.77651725272423,43.4111034049179,breakeven,True,1.5055996446244286,0.3558656652926991,0.9244968987638024,10.0,1055,2.271823745823636,33.65695612069901,1.2393748387059669,1.445858049480624,4.414841966675801,-0.2650423445580147,0.4099920937290505,0.806377409273825,0.062334193458673,0.4597933850344016,3.538128973213928,True,0.2199237996049707,0.0682677735148296,True,2.2149676226691684,-1.9399523612101928,2.012021932761041,892.0999755859375,0.5078100666878821,Wed,True,WIN
base,PFC,B,SHORT,2026-08-13 10:25:00,2026-08-13 10:30:00,2026-08-13 10:45:00,374.7,375.0592328974757,374.3055814304089,66,26.031625593012336,45.42180679682565,-19.390181203813317,breakeven,True,1.531057170377415,0.4175734031312835,1.0979466868504515,15.0,1025,2.1412865628397384,41.10419555107455,0.2738324408249514,0.422062756768902,0.0844434641532524,0.0751846606434949,0.0958721370364805,0.6064753081226844,0.3484919275895609,-1.1364355144824367,0.0551236520954789,True,0.1330526787228114,-0.0273463115206595,True,0.5014412218033377,-4.570763362609013,1.3918207282296955,374.7999877929688,0.1580386857120449,Thu,False,7 costs flipped it
base,BSE,B,SHORT,2026-08-17 11:05:00,2026-08-17 11:10:00,2026-08-17 11:10:00,3304.699951171875,3311.061137124764,3311.061137124764,7,-44.52830167022421,38.44313994386143,-82.97144161408565,stop,False,0.0,1.304795817886006,-1.094663448250812,0.0,1105,3.173650231513488,34.1060585350487,0.1885014685409468,0.4429164772572382,-1.1025861690093308,-0.0153911413943776,0.1924890624528088,0.599468796674306,0.4140986132511468,3.33333050025384,0.3546470954778558,True,0.0781349840432432,-0.0381672314653913,True,0.7556173551297176,-1.0431708077434747,1.2261941225884638,3305.5,0.3210216683601117,Mon,False,"1 noise stop (tight stop, then went our way)"
base,IIFL,A,LONG,2026-08-21 10:10:00,2026-08-21 10:15:00,2026-08-21 10:20:00,676.9500122070312,674.3485593814836,679.2395768322954,36,82.42432650950832,44.871160138482935,37.55316637102538,breakeven,True,1.6337025058700794,0.2498697680307379,0.8880725639458416,5.0,1010,3.245938065156347,76.2807418455371,0.72137565291284,1.2280474647435335,2.0416270362844022,0.7936889836311973,0.3842902398459596,0.3993384433829622,0.5441124281219026,1.7747742384673248,4.635121999116276,True,-0.0336183846885829,0.0734485978280741,True,2.2296432034185734,0.6895299743522643,3.7863364229423992,676.7999877929688,0.9625304820715422,Fri,True,WIN
base,IIFL,A,LONG,2026-08-21 10:25:00,2026-08-21 10:30:00,2026-08-21 10:55:00,680.5,678.9702577686139,681.9875566735395,36,53.552040247423065,45.07372882771747,8.478311419705598,breakeven,True,2.8436003770360974,0.6863821704244701,1.0804224976205714,25.0,1025,3.245938065156347,78.16632318866807,1.0073055944720235,1.1433712067466102,2.620221239749516,0.6805679136307605,0.2247968010853902,0.242925035516341,0.5441124281219026,1.7747742384673248,5.049465081587645,True,0.0334047207870336,0.0453514739229055,True,2.2296432034185734,0.7133160609727425,3.33387905576515,680.0,0.9260556137111752,Fri,True,WIN
base,MFSL,B,LONG,2026-08-25 11:10:00,2026-08-25 11:15:00,2026-08-25 11:15:00,1591.1499755859377,1589.1305928925858,1589.1305928925858,15,-30.29074040027808,39.60194224724073,-69.89268264751881,stop,False,0.0,1.55987054673089,-1.0,0.0,1110,3.051534612168899,56.47248998190064,0.4674001513241996,0.4331198706861227,-0.5955356915774246,0.0145589524331089,0.1269134100704893,0.5466550731759248,0.2583859479740972,0.5159877267161717,0.9827867408633172,True,0.0480675626007176,-0.005176508422422,False,0.6851695539187049,0.8556104730042222,0.9656416321777576,1591.0,0.2321854854897215,Tue,False,2 false breakout (failed immediately)
base,CGCL,A,LONG,2026-08-26 09:45:00,2026-08-26 09:50:00,2026-08-26 09:50:00,250.509994506836,249.87742798350857,249.87742798350857,99,-62.62408580941522,41.121141524783376,-103.7452273341986,stop,False,0.0,1.976076750670868,-1.0,0.0,945,6.723272876855765,77.47936685908213,0.6618819491144152,1.1626093386096492,0.3444754505136828,1.6422365336275655,0.2525114914367877,0.38911533587802,0.3050424944618021,0.495385573820073,3.974791734824157,True,0.2113570268019282,-0.2761578118831265,True,2.171225867775042,-0.3369997752637936,7.098076372340538,250.509994506836,0.648937392475184,Wed,False,"1 noise stop (tight stop, then went our way)"
base,SBICARD,A,LONG,2026-08-26 09:50:00,2026-08-26 09:55:00,2026-08-26 10:00:00,658.0,657.4465973435807,658.6349217204571,37,23.49210365691272,44.7608523810002,-21.26874872408748,breakeven,True,3.162254426683001,0.993829333106882,1.6378962364398868,5.0,950,2.528801808448889,61.837226466727664,0.1866587666841885,2.288732284284807,0.5721890923395894,0.0640066952506361,0.0841037471761823,0.2183781365007785,0.0845580974559325,0.4838747179819469,0.4531386351170008,True,0.0445495991418187,-0.2472824620957991,True,1.1399220743058196,-0.3677583458325614,9.938513912432288,657.7000122070312,0.3853046354677109,Wed,False,7 costs flipped it
base,PFC,A,SHORT,2026-08-27 11:10:00,2026-08-27 11:15:00,2026-08-27 11:25:00,354.6499938964844,355.121674775133,355.121674775133,70,-33.017661505402884,41.24533059485376,-74.26299210025664,stop,False,0.3179986793488733,1.696100789243279,-1.0,10.0,1110,1.799467380270643,36.35612613009877,0.622364007407923,1.8134224007238529,3.696618014152208,-1.0191076833593775,0.1329989811832021,0.6579728486381756,0.3921199862334266,-0.1943398785718919,1.230290591753913,True,0.0548220670779975,0.0306360187891208,True,1.345365277289708,-0.920065399077115,-0.2120206861091063,354.6499938964844,0.2021344519891265,Thu,False,8 other (normal loss)
base,BALRAMCHIN,B,SHORT,2026-09-02 09:45:00,2026-09-02 09:55:00,2026-09-02 11:20:00,650.7999877929688,656.8566552010137,656.8566552010137,38,-230.15336150570897,41.22940380551461,-271.3827653112236,stop,False,0.6108990237959218,1.1392443978180655,-1.0083302308512945,85.0,945,1.8891813267495885,25.10152692121197,0.8140645064511564,1.2044741960396512,0.1970877576860424,1.1176490460570214,0.9306495884526212,1.3263817467244594,0.8033449245214958,0.2466866171985438,2.365745036124633,True,-0.0447031483050919,-0.1988659340090182,False,0.7202318489373285,-1.6863901590911825,-0.4457917242483659,651.7000122070312,0.7006763516925303,Wed,False,4 Nifty moved against
base,SWIGGY,B,LONG,2026-09-04 09:50:00,2026-09-04 09:55:00,2026-09-04 15:10:00,279.00001220703126,275.22045978110816,277.3999938964844,89,-142.4016296386729,41.09679570132921,-183.4984253400021,15:10 flat,False,1.428735755169277,0.7805221575520311,-0.4233353927234136,315.0,950,2.728676989871126,67.81644456231956,1.7089787375440464,1.977350267445341,1.8937870885207464,1.816219400882084,1.3546782295903603,2.105200127565384,0.2481659632173623,0.0,3.384909946185899,True,0.1248138572373935,0.0778879661257114,False,1.672140077830038,-1.825568525778566,0.38364330920634,278.75,0.64406857534062,Fri,False,6 gave back profit
base,MEESHO,B,LONG,2026-09-04 10:00:00,2026-09-04 10:05:00,2026-09-04 10:05:00,213.5700042724609,213.00976296991297,213.00976296991297,117,-65.5482323981069,41.42923051354855,-106.97746291165546,stop,False,0.0,1.0174263658687226,-1.0,0.0,1000,4.461448999907053,62.51958392091872,0.3841297095223693,0.409031637531748,-0.8978754401391021,0.6508693877230842,0.262322091745242,0.5589130990078737,0.4776649670114216,-0.0095376523014389,1.5713562626389566,True,0.21793252326745,0.0054209767507806,True,1.1887702796410715,-2.841022077500972,5.533319093729708,213.3999938964844,0.469717166380305,Fri,False,"1 noise stop (tight stop, then went our way)"
base,TEJASNET,A,LONG,2026-09-04 10:00:00,2026-09-04 10:05:00,2026-09-04 11:15:00,602.5499877929688,599.6700367585692,608.4731289485699,41,242.84878737964573,45.66474086630582,197.18404651333992,trail,True,6.024420698079971,0.9201418174315268,2.282962913123959,70.0,1000,2.9168794238511477,75.5185146110472,1.351320038134052,1.8958770047082285,1.8437923318757543,1.464831831369567,0.4779605165952014,0.6000052296009941,0.2178207490567424,0.4493766390189835,5.448213849611072,True,0.21793252326745,0.0054209767507806,True,2.370351587593828,0.9780861853395948,5.191064718969427,602.0999755859375,0.7971892957250093,Fri,True,WIN
base,GRANULES,A,LONG,2026-09-04 10:40:00,2026-09-04 10:45:00,2026-09-04 10:55:00,860.6500244140625,857.6953252203001,857.6953252203001,29,-85.68627661910944,41.36240911069251,-127.04868572980196,stop,False,0.0,1.1845537465840108,-1.3401824621344829,10.0,1040,1.9291273107183216,60.37407186204032,3.3394134684201817,0.8861948500268076,2.8391009005018253,0.8139228052944922,0.3433101853188208,0.9697879150589666,0.0078064760294718,-0.91936239508007,1.4851811342547316,True,0.0574365762318063,0.0897583650670386,True,1.0209107960205532,0.0218740161999154,0.98147499583995,859.9000244140625,0.3543141889169385,Fri,False,3 late / extended entry
base,GRANULES,A,LONG,2026-09-04 11:15:00,2026-09-04 11:20:00,2026-09-04 11:20:00,862.4000244140625,861.8243287055454,861.8243287055454,28,-16.119479838477673,40.080111715424,-56.19959155390167,stop,False,0.0,2.258222197754103,-2.088526116088209,0.0,1115,1.9291273107183216,61.74098640230357,3.621244343128854,0.362782991985171,3.936186606032465,0.9003555463328654,0.0667550663519754,0.2088526116088418,0.0078064760294718,-0.91936239508007,1.655322597300235,True,0.0648972433141104,0.0440079817216165,True,1.0209107960205532,0.0241775312580481,0.0,862.0999755859375,0.3197388797101927,Fri,False,3 late / extended entry
base,CAMS,B,SHORT,2026-09-09 10:50:00,2026-09-09 11:00:00,2026-09-09 11:15:00,714.8500244140625,715.4574964441905,714.0369953792596,34,27.64298718330133,44.63917944194163,-16.9961922586403,breakeven,True,3.2100243357530696,0.9053914793148724,1.3383810191750438,15.0,1050,1.8332351924704888,35.697111189078626,0.2895968742481172,0.2539310544556408,0.6348857616665983,-0.0322968422145048,0.0849789479444831,0.3856753425389391,0.3959590459993006,-0.0616877597026999,2.0525460378334914,True,0.0643649830594839,0.0325228849600733,True,1.0541738226134072,1.004517964067425,1.9753995912326872,715.0,0.2202918198905609,Wed,False,7 costs flipped it
base,CAMS,A,SHORT,2026-09-09 11:25:00,2026-09-09 11:30:00,2026-09-09 11:30:00,716.0,714.9317129080348,714.9317129080348,34,36.32176112681691,40.39588361127068,-4.074122484453767,stop,False,0.0,3.1358383070743097,2.7985769073129134,0.0,1125,1.8332351924704888,39.82234687290556,0.5064248954224957,0.7212081056488088,1.1007864417538549,-0.1627824029362398,0.1492021078163691,0.8109972737013003,0.3959590459993006,-0.0616877597026999,2.0903899799102788,True,0.0769031156010568,0.1545640879132559,True,1.0541738226134072,1.2011397338237135,0.093584942371237,714.5499877929688,0.1843469558691964,Wed,False,7 costs flipped it
base,LT,B,SHORT,2026-09-10 10:45:00,2026-09-10 10:50:00,2026-09-10 12:35:00,3915.05009765625,3925.568807002815,3925.568807002815,6,-63.112256079391045,39.04997167626812,-102.16222775565916,stop,False,0.4801062078874628,1.4688020967891142,-1.0,105.0,1045,1.8409824727835904,36.04590646965114,1.4088278793986555,1.740467732421794,1.4767578989322871,0.5588087369506537,0.2686736844788324,1.8492580602048143,0.8225584667242946,-0.6475271939886618,0.7377929523633142,True,0.0117386176677225,-0.041198380080698,False,0.9835442198718122,-4.888181551779,-1.10753640316427,3915.10009765625,0.1452854304173418,Thu,False,8 other (normal loss)
base,INDUSTOWER,A,SHORT,2026-09-10 11:05:00,2026-09-10 11:10:00,2026-09-10 11:10:00,369.7000122070313,370.0752063306982,370.0752063306982,67,-25.13800628568333,41.14733639855081,-66.28534268423414,stop,False,0.0,1.1993303228078982,-1.0,0.0,1105,2.370692850540282,35.24557740694823,2.9239149372146267,0.9307889382878586,2.9252613031753927,0.7938162209380621,0.1014860998859819,0.498886357283495,0.1071535119984472,-0.3746304122967725,1.3150794691511258,True,0.0810704702228992,-0.0177235327396108,True,0.7577641250265471,-0.4905664886792416,1.998965209449348,369.7000122070313,0.2034252859480619,Thu,False,"1 noise stop (tight stop, then went our way)"
base,BPCL,A,SHORT,2026-09-11 10:55:00,2026-09-11 11:00:00,2026-09-11 11:05:00,296.3500061035156,296.5090359479007,296.5090359479007,84,-13.358506928347424,41.34391781211693,-54.70242474046435,stop,False,0.9431808039827232,1.2575104391655716,-1.0,5.0,1055,2.548697180872728,27.36432702893589,1.3673604604342926,0.7624257636030607,0.2541246865664616,0.9257606135663006,0.0536628449838934,0.2694336923454992,0.2031076567073522,1.2211261409344032,1.0193585045732534,True,-0.0141813857983175,-0.2863143022069581,True,1.4240024253428143,-6.800330621267548,-0.3143296351828485,296.3500061035156,0.1991690219465229,Fri,False,4 Nifty moved against
base,PNB,A,LONG,2026-09-11 11:20:00,2026-09-11 11:25:00,2026-09-11 15:00:00,116.83999633789062,116.36545954811794,117.52577916145664,213,146.0717414195612,45.89171464195282,100.18002677760838,trail,True,1.959806542336316,0.7164804609848937,1.222407070309128,215.0,1120,2.260249339866073,65.29057679573339,3.532959812609276,2.159748173753828,3.504507595466581,2.0738396181137264,0.4061424209569195,1.9337402370061956,0.0085583645966569,-1.0269550397195348,0.6680585853896082,True,0.2931625522760051,0.0147809075510707,True,1.542596671929632,0.008513469004511,1.4962100498199185,116.80999755859376,0.2100834007652696,Fri,True,WIN
base,BEL,A,SHORT,2026-09-15 11:25:00,2026-09-15 11:30:00,2026-09-15 11:30:00,389.1000061035156,389.60195916230833,389.60195916230833,64,-32.124995762733306,41.37237779061227,-73.49737355334557,stop,False,0.0,1.195343056497773,-1.2488042320080683,0.0,1125,1.7213978256908813,30.00242932889293,3.079272631080584,0.9807848332215556,6.3751014159401125,0.1862921853004491,0.1290036111331154,0.4923079470530558,0.0,0.2720430535208207,2.3877408945466194,True,0.0886918702326933,-0.1185813757466514,True,3.191027194051927,7.05874196885787,0.6972885160964173,389.2000122070313,0.2619711179610886,Tue,False,3 late / extended entry
base,KISSHT,A,LONG,2026-09-16 11:15:00,2026-09-16 11:20:00,2026-09-16 11:30:00,343.54998779296875,341.5129754763395,341.3999938964844,72,-154.799560546875,40.92672846020361,-195.7262890070786,stop,False,0.0245547413427731,1.1045588588895556,-1.0060717662595522,10.0,1115,2.146822601505843,70.5140125327513,3.063965842615328,1.3711661349669342,0.7383202265206569,2.050904802328562,0.5929303999442503,0.8594099400223387,0.3326671351373384,-0.0147217772834218,1.0178708320272456,True,-0.049869130269442,-0.0939828779276119,True,1.4971651525260732,-0.2839209295586227,1.9391204337770012,343.6499938964844,0.6897265469818007,Wed,False,"1 noise stop (tight stop, then went our way)"
base,PINELABS,A,LONG,2026-09-17 09:30:00,2026-09-17 09:35:00,2026-09-17 09:35:00,194.1300048828125,193.2187013423681,193.2187013423681,128,-116.64685317688418,41.15030061888741,-157.79715379577158,stop,False,0.0,2.567763091909589,-0.928673821618368,0.0,930,2.449075399757365,77.21304593068425,1.1967371307629608,0.5545871440597429,0.1167537817374328,2.692201457585305,0.4694295150275818,0.5319987909453134,0.3363069696751328,0.0376889036127758,4.147683355342635,True,0.259638467331591,0.0989964634054541,True,1.149229709252023,-2.537956159576847,-1.7776847165396914,194.1999969482422,0.882070288219452,Thu,False,2 false breakout (failed immediately)
base,PFOCUS,A,LONG,2026-09-17 10:05:00,2026-09-17 10:10:00,2026-09-17 10:10:00,333.1000061035156,332.80131286294994,332.80131286294994,75,-22.401993042426227,41.46117991378429,-63.86317295621052,stop,False,0.0,8.034978936714884,-0.2600273449312083,0.0,1005,4.637443200767836,69.94081614712415,2.591579804792578,0.7037299658102164,3.498548167430038,2.302352015538061,0.0896707400458167,0.1201139336977319,0.5996988726213905,-0.2496546356908879,3.989713572340481,True,0.1407104265351844,-0.1746185508956332,True,2.0094887884873622,0.3470803016217543,32.80953989587763,333.95001220703125,0.7446471655304259,Thu,False,"1 noise stop (tight stop, then went our way)"
base,KISSHT,B,SHORT,2026-09-18 10:40:00,2026-09-18 10:45:00,2026-09-18 11:05:00,352.75,354.9651694394276,350.9122479204293,70,128.6426455699484,45.27863173195173,83.36401383799667,breakeven,True,2.144305494403808,0.2934285228548179,0.8445621449237366,20.0,1040,4.260476232234219,43.66938781821338,0.5119697006261971,0.5845657297516259,-0.4714184066198065,0.3672754719820165,0.6279714923962006,0.8354173180222786,2.185950945927963,0.263928927576984,1.4776104911005783,True,0.0934550800228972,0.0435531601643335,False,1.6372697036452546,-1.165923839858999,1.918589126571828,353.25,0.7506220308459709,Fri,True,WIN
base,SHADOWFAX,A,LONG,2026-09-21 11:25:00,2026-09-21 11:30:00,2026-09-21 12:00:00,262.95001220703125,261.10750135699874,265.15103033291064,95,209.0967219585417,46.13362074812108,162.96310121042063,trail,True,3.5277946937926083,0.1356844112997157,1.2102512591092345,30.0,1125,2.514573757319884,66.00481694400442,1.551496133840201,1.7923404262980154,2.51966123175066,0.7049074487619592,0.7007076495519715,0.9572159413452408,0.2923798546021629,-0.0795058421052985,4.302851025314092,True,0.0502423382730876,0.1138983442461327,True,2.4775065462089603,3.2999564839546327,3.0935946398104246,262.8999938964844,0.7321659963439536,Mon,True,WIN
base,PINELABS,A,LONG,2026-09-22 09:45:00,2026-09-22 09:50:00,2026-09-22 09:50:00,202.9499969482422,202.4422138403245,202.4422138403245,123,-62.457322273873984,41.39088958663015,-103.84821186050414,stop,False,0.0,7.404725458975949,-0.9442175721978496,0.0,945,2.111897952423025,78.76434150641252,1.522390185384766,0.9759624806624548,2.617358760500739,2.2956478145021144,0.2502010916744055,0.3218048196082044,0.0275296628376373,1.187404795041069,3.557175167925708,True,0.0351861132139807,-0.0464736330206827,True,1.353134950178928,-1.1941793856696654,-5.809561015803743,202.97999572753903,0.7773783944840522,Tue,False,3 late / extended entry
base,JSWINFRA,A,LONG,2026-09-22 09:55:00,2026-09-22 10:00:00,2026-09-22 10:10:00,365.8500061035156,365.19476245175656,366.5243638453867,68,45.85632644723228,45.76299600838569,0.0933304388465856,breakeven,True,1.9839761735635395,0.6104506246042917,0.9922046505466328,10.0,955,5.993840569399519,76.34517631625977,1.2193929851379133,1.7825630383353446,2.683648450962467,2.0781977102395577,0.1791017195100624,0.2567068677710674,0.2197790469085052,0.9439324185799958,3.686211624392177,True,0.046283314864981,-0.1477200192308347,True,2.129085922040165,0.4918069610582001,14.269510400313967,365.9500122070313,0.6974989664170914,Tue,True,WIN
base,HINDUNILVR,A,SHORT,2026-09-28 10:40:00,2026-09-28 10:45:00,2026-09-28 10:50:00,1910.0,1910.904722406872,1905.065961410627,13,64.14250166184775,45.57773606259809,18.56476559924965,trail,True,8.952995443035944,0.1105041559464962,5.171245643544661,5.0,1040,1.610483876289204,31.9492431832296,0.8197505833512998,0.6890885947541092,1.1156882305230649,0.6186682476053437,0.0473676652812563,0.2968767333148425,0.4809685591507209,0.4992574563949969,0.1671254502306762,True,0.1714312803576256,0.0376735492410795,True,1.395066896324771,2.537797084230083,10.279450091524923,1910.0,0.1595533093899353,Mon,True,WIN
base,TRENT,A,SHORT,2026-09-29 10:25:00,2026-09-29 10:30:00,2026-09-29 10:30:00,2585.199951171875,2586.047713023685,2586.047713023685,9,-7.629856666289925,38.63889908505651,-46.26875575134643,stop,False,0.0,8.139250981443697,-0.80915463742958,0.0,1025,1.501859039836568,34.61091091627382,0.7181125428758647,0.6553940276223644,0.3209866619265528,0.9548970871719556,0.0327928929221006,0.1133880499887162,0.3402971066793232,0.3655787378617714,0.6212121915195379,True,0.0150431473063705,0.003759192197128,True,1.0582850195152858,-3.408941425354094,-4.482448484809509,2585.0,0.2892317971220909,Tue,False,2 false breakout (failed immediately)
base,BHEL,A,LONG,2026-10-06 10:05:00,2026-10-06 10:10:00,2026-10-06 10:10:00,444.7999877929688,443.81137271163686,443.81137271163686,56,-55.36244455458882,41.307812432731616,-96.67025698732044,stop,False,0.0,1.820716502264679,-1.1788577479254898,0.0,1005,1.8021470951365344,75.72201278921266,1.0708337066941431,1.8230222830987075,3.101226399931456,1.0432704095213352,0.2222605909315114,0.4143137457253279,0.1127907641710266,0.5944027489437786,2.926954803254267,True,0.0324996308822544,0.2110236008422195,True,2.281327256555531,2.1551015841174754,1.213831580855957,444.6499938964844,0.5366357463337805,Tue,False,"1 noise stop (tight stop, then went our way)"
base,JSWENERGY,B,LONG,2026-10-06 11:00:00,2026-10-06 11:05:00,2026-10-06 11:40:00,501.2500122070313,499.733628633664,499.733628633664,49,-74.30279509499803,40.7129162583693,-115.01571135336732,stop,False,0.956222439669466,1.1211044777327734,-1.0,35.0,1100,2.0139516647766,61.45745033217239,0.282681878918772,0.7814241317616631,2.7950509725732933,-0.1220050275169158,0.3025204062720291,0.9114784827435848,0.5828808627517307,0.4575030613760855,1.0496614504063473,True,0.077229961260028,0.0180781909751237,False,1.1518537799257866,-2.030746895439254,-0.7913726019846793,500.8500061035156,0.3321658396585224,Tue,False,8 other (normal loss)
base,PWL,B,LONG,2026-10-07 11:25:00,2026-10-07 11:30:00,2026-10-07 11:55:00,137.72999267578126,137.25663123676625,138.15229777854657,181,76.43722360052058,45.89147499445434,30.54574860606624,breakeven,True,2.154817102003949,0.6971391247744277,0.8954807904952796,25.0,1125,3.827725310804667,57.42479694608631,0.1184546708685653,0.4770178681540107,1.1993764430531435,-0.6513682596377605,0.3436879867766412,0.6451650604794141,0.4341551108401819,-0.6370365038696035,5.106098076797306,True,-0.0872087071760785,0.1236520701777488,True,1.5684951951417043,1.465669717147949,4.774391471526575,137.67999267578125,0.5329067271321047,Wed,True,WIN
