Stock,Setup,Side,Signal,Entry date-time,Entry price,Stop loss,Target 1 hit (50% booked),Exit date-time,Final exit price,Avg exit price,Exit reason,Qty (Rs 25k),P/L per share,Gross P/L Rs,Charges Rs,Net P/L Rs,Net P/L %,Label
WIPRO,ORB,LONG,2026-07-30 10:15,2026-07-30 10:20,190.03,188.37,No,2026-07-30 11:30,188.37,188.37,stop,131,-1.66,-217.17,41.13,-258.3,-1.04,loser avoided
MANAPPURAM,ORB,SHORT,2026-08-04 09:50,2026-08-04 09:55,356.95,360.75,No,2026-08-04 15:10,356.6,356.6,15:10 flat,70,0.35,24.5,41.47,-16.97,-0.07,loser avoided
ADANIENSOL,ORB,SHORT,2026-08-13 10:10,2026-08-13 10:15,1574.4,1591.12,No,2026-08-13 10:45,1591.12,1591.12,stop,15,-16.72,-250.84,39.39,-290.24,-1.23,loser avoided
SAMMAANCAP,ORB,SHORT,2026-08-14 09:45,2026-08-14 09:50,156.55,158.6,No,2026-08-14 10:05,158.6,158.6,stop,159,-2.05,-326.07,41.57,-367.63,-1.48,loser avoided
SAMMAANCAP,ORB,SHORT,2026-08-14 10:20,2026-08-14 10:25,156.23,158.51,Yes @ 152.96,2026-08-14 12:55,152.8,152.88,trail,160,3.35,535.66,45.54,490.12,1.96,winner lost
PPLPHARMA,VWAP pullback,SHORT,2026-08-14 11:25,2026-08-14 11:30,208.5,210.81,Yes @ 205.15,2026-08-14 14:10,204.64,204.89,trail,119,3.61,429.52,45.28,384.24,1.55,winner lost
BELRISE,VWAP pullback,SHORT,2026-08-17 09:50,2026-08-17 09:55,240.97,245.04,Yes @ 234.87,2026-08-17 13:40,233.55,234.2,trail,103,6.77,697.1,45.1,652.0,2.63,winner lost
HSCL,VWAP pullback,SHORT,2026-08-19 09:50,2026-08-19 09:55,731.15,744.22,Yes @ 711.54,2026-08-19 13:15,704.75,708.15,trail,34,23.0,782.11,45.11,736.99,2.96,winner lost
KPITTECH,ORB,LONG,2026-08-28 09:35,2026-08-28 09:40,609.0,603.04,No,2026-08-28 10:00,603.04,603.04,stop,41,-5.96,-244.23,41.23,-285.46,-1.14,loser avoided
TATAPOWER,ORB,LONG,2026-09-02 10:20,2026-09-02 10:25,359.2,356.38,No,2026-09-02 11:20,356.38,356.38,stop,69,-2.82,-194.66,40.97,-235.63,-0.95,loser avoided
SWIGGY,VWAP pullback,LONG,2026-09-04 09:50,2026-09-04 09:55,279.0,275.41,Yes @ 284.39,2026-09-04 14:45,283.45,283.91,trail,89,4.91,437.24,46.11,391.12,1.58,winner lost
HBLENGINE,ORB,LONG,2026-09-04 10:15,2026-09-04 10:20,714.65,704.09,No,2026-09-04 10:50,704.09,704.09,stop,34,-10.56,-359.02,40.01,-399.03,-1.64,loser avoided
MAXHEALTH,ORB,LONG,2026-09-09 10:15,2026-09-09 10:20,1032.4,1023.36,No,2026-09-09 15:10,1037.5,1037.5,15:10 flat,24,5.1,122.4,41.26,81.14,0.33,winner lost
INDUSTOWER,ORB,LONG,2026-09-11 10:05,2026-09-11 10:10,382.1,378.47,Yes @ 387.40,2026-09-11 10:40,386.3,386.84,trail,65,4.74,308.19,45.98,262.21,1.06,winner lost
SUNTV,ORB,LONG,2026-09-11 10:15,2026-09-11 10:20,475.5,468.65,No,2026-09-11 15:10,475.85,475.85,15:10 flat,52,0.35,18.2,41.07,-22.87,-0.09,loser avoided
STLTECH,ORB,SHORT,2026-09-15 09:50,2026-09-15 09:55,857.15,870.94,No,2026-09-15 10:35,870.94,870.94,stop,29,-13.79,-399.98,41.56,-441.55,-1.78,loser avoided
KPITTECH,ORB,LONG,2026-09-15 10:25,2026-09-15 10:30,578.65,572.23,No,2026-09-15 11:55,572.23,572.23,stop,43,-6.42,-276.22,41.06,-317.28,-1.28,loser avoided
AEQUS,ORB,SHORT,2026-09-15 10:40,2026-09-15 10:45,224.84,227.49,Yes @ 220.91,2026-09-15 14:45,222.7,221.81,trail,111,3.03,335.84,45.62,290.23,1.16,winner lost
STLTECH,VWAP pullback,SHORT,2026-09-15 10:55,2026-09-15 11:00,860.1,877.63,No,2026-09-15 15:10,852.55,852.55,15:10 flat,29,7.55,218.95,41.26,177.69,0.71,winner lost
TATACHEM,ORB,LONG,2026-09-16 10:55,2026-09-16 11:00,783.75,761.42,No,2026-09-16 11:05,761.42,761.42,stop,31,-22.33,-692.25,39.69,-731.94,-3.01,loser avoided
HBLENGINE,ORB,LONG,2026-09-17 09:45,2026-09-17 09:50,735.45,725.99,No,2026-09-17 10:00,725.99,725.99,stop,33,-9.46,-312.33,40.01,-352.34,-1.45,loser avoided
HBLENGINE,ORB,LONG,2026-09-17 11:10,2026-09-17 11:15,738.35,730.52,Yes @ 750.32,2026-09-17 12:05,744.05,747.09,trail,33,8.74,288.44,45.09,243.35,1.0,winner lost
SBILIFE,ORB,LONG,2026-09-24 09:35,2026-09-24 09:40,1780.3,1761.57,No,2026-09-24 10:35,1761.57,1761.57,stop,14,-18.73,-262.19,41.14,-303.33,-1.22,loser avoided
ADANIPOWER,ORB,LONG,2026-09-30 10:10,2026-09-30 10:15,203.52,201.34,No,2026-09-30 15:10,203.0,203.0,15:10 flat,122,-0.52,-63.44,41.17,-104.61,-0.42,loser avoided
