sym,grp,close,turnover_cr,atr_pct,ret1m,ret3m,ret6m,rs6m_pct,above50,dist52h,rsi2
HFCL,Telecom/Media,238.36,121.89,4.12,5.44,6.06,228.45,100.0,True,-7.06,95.3
STLTECH,Telecom/Media,955.35,131.66,4.64,33.74,63.27,403.0,100.0,True,0.0,96.5
SKYGOLD,FMCG/Consumer,810.65,56.13,3.91,7.64,45.91,119.51,99.0,True,-6.69,56.0
WELCORP,Chemicals/Materials,2605.8,442.4,6.07,3.26,68.81,197.38,99.0,True,-10.14,16.1
AVALON,FMCG/Consumer,2280.2,81.33,6.36,4.14,31.26,136.17,99.0,True,-12.9,4.8
DIACABS,Power/Utilities,345.0,27.81,5.15,4.26,57.7,169.43,99.0,False,-14.6,26.8
MTARTECH,Capital Goods/Industrials,7797.0,83.56,4.35,13.46,10.64,98.57,98.0,True,-10.52,94.4
CEMPRO,Capital Goods/Industrials,1178.9,26.45,3.91,-4.6,-22.51,110.25,98.0,False,-28.52,1.5
NEOGEN,Chemicals/Materials,2407.1,41.56,4.4,12.67,19.83,97.69,98.0,True,-3.7,33.4
WELSPUNLIV,Chemicals/Materials,239.17,85.13,3.54,19.58,41.06,100.58,98.0,True,-2.34,94.9
SYRMA,Other,1717.9,247.49,4.94,19.8,23.62,112.71,98.0,True,-5.74,38.4
RRKABEL,Power/Utilities,2518.2,79.41,2.93,-4.27,9.72,90.99,97.0,False,-15.6,61.2
REDINGTON,IT,397.95,171.3,3.65,9.57,43.79,96.57,97.0,True,-5.14,12.1
GRWRHITECH,Chemicals/Materials,6925.5,28.02,4.13,-3.67,-1.18,86.58,97.0,False,-13.17,53.7
LAURUSLABS,Pharma/Healthcare,1984.0,293.0,2.36,6.44,29.74,87.81,97.0,True,-3.47,37.5
QPOWER,Power/Utilities,1564.6,47.77,4.95,7.56,36.43,82.74,96.0,True,-6.59,31.7
APARINDS,Capital Goods/Industrials,17648.0,201.3,4.74,5.33,23.64,74.44,96.0,True,-8.39,58.2
FINCABLES,Capital Goods/Industrials,1458.8,133.5,3.83,23.34,35.16,81.27,96.0,True,-2.62,75.1
TDPOWERSYS,Capital Goods/Industrials,792.15,147.43,5.01,7.77,35.06,80.16,96.0,True,-3.11,84.8
BHEL,Capital Goods/Industrials,421.0,277.67,2.87,-1.52,9.0,66.55,95.0,True,-5.71,85.1
SAILIFE,Pharma/Healthcare,1541.2,77.02,2.98,-2.89,25.04,62.98,94.0,True,-9.18,40.2
PAYTM,Financials/NBFC,1656.0,635.64,3.72,2.29,35.94,61.02,94.0,True,-10.75,25.5
NEULANDLAB,Pharma/Healthcare,21505.0,112.21,3.16,-6.34,13.66,63.52,94.0,False,-11.23,59.3
WOCKPHARMA,Pharma/Healthcare,2083.9,204.31,4.49,9.43,8.79,60.6,93.0,True,-13.97,5.0
WABAG,Power/Utilities,2004.9,82.05,4.02,0.86,-2.21,59.39,93.0,False,-13.54,27.0
CARTRADE,Retail/Hotels/Services,2806.6,86.14,4.26,-4.29,0.54,59.1,93.0,False,-14.71,7.0
LODHA,Realty,1105.6,155.99,3.24,-8.5,1.24,54.6,92.0,False,-17.51,28.3
SONACOMS,Auto,805.0,183.79,3.02,2.86,20.6,56.72,92.0,True,-4.62,26.9
ACMESOLAR,Power/Utilities,432.55,56.46,4.5,8.61,12.73,56.04,92.0,True,-9.3,8.2
ENGINERSIN,Capital Goods/Industrials,312.75,93.34,4.08,14.0,29.28,58.66,92.0,True,-2.69,73.4
AETHER,Chemicals/Materials,1670.0,29.83,3.48,1.43,22.69,53.95,91.0,True,-7.12,15.2
JSWINFRA,Retail/Hotels/Services,357.45,101.47,3.79,7.63,10.32,53.01,91.0,True,-4.81,72.2
BLUEJET,Pharma/Healthcare,541.8,23.83,3.45,-6.45,-3.38,51.85,90.0,False,-21.64,27.9
SOLARA,Pharma/Healthcare,714.85,28.57,4.91,11.63,27.72,52.37,90.0,True,-7.64,15.6
OFSS,IT,10420.0,201.48,3.97,-14.3,-5.88,49.03,89.0,False,-16.91,26.9
ADANIENT,Capital Goods/Industrials,2816.8,312.79,2.92,-2.59,-12.16,49.73,89.0,False,-13.2,21.4
GABRIEL,FMCG/Consumer,1315.0,27.91,4.78,-5.05,3.34,48.15,89.0,False,-17.64,31.1
COHANCE,Pharma/Healthcare,451.3,31.39,3.98,-1.53,-0.36,50.16,89.0,True,-50.83,53.0
LALPATHLAB,Pharma/Healthcare,2005.1,47.19,3.27,4.64,19.24,47.84,89.0,True,-1.64,95.3
COFORGE,IT,1826.0,321.82,3.18,-7.11,23.51,48.73,89.0,True,-9.66,86.0
CGCL,Banks,249.23,69.04,3.52,-2.8,2.9,46.7,88.0,True,-13.3,54.3
NUVAMA,Financials/NBFC,1701.4,43.48,3.09,-7.58,-8.99,46.02,88.0,False,-17.65,89.4
HSCL,Chemicals/Materials,665.15,119.06,2.5,0.84,-2.78,46.03,88.0,False,-18.83,28.0
IDEA,Telecom/Media,12.64,540.85,3.67,-13.01,-10.29,46.47,88.0,False,-19.95,5.0
ACE,Capital Goods/Industrials,1212.3,33.69,3.28,11.33,20.68,45.45,88.0,True,-4.39,35.5
MOTHERSON,FMCG/Consumer,157.03,164.49,2.76,-3.84,8.24,45.06,87.0,False,-9.37,25.3
CHENNPETRO,Oil & Gas,1346.4,187.32,4.98,-4.78,25.41,45.13,87.0,False,-19.74,11.2
JINDALSAW,Metals/Mining,270.3,43.77,4.13,-12.57,4.06,42.9,86.0,False,-15.53,6.9
SHAILY,Chemicals/Materials,3009.1,34.97,3.77,-5.07,4.75,43.93,86.0,False,-16.69,18.3
ARVIND,FMCG/Consumer,534.05,28.63,3.68,-6.22,-1.51,43.51,86.0,False,-12.04,10.8
ACUTAAS,Pharma/Healthcare,3196.5,98.53,3.93,2.04,-8.99,44.48,86.0,False,-14.47,18.7
GOODLUCK,Chemicals/Materials,499.35,29.02,3.63,5.38,0.9,41.61,85.0,True,-10.24,8.3
MOTILALOFS,Financials/NBFC,989.9,78.6,2.77,-2.72,3.87,41.65,85.0,True,-9.04,8.7
PPLPHARMA,Pharma/Healthcare,197.97,62.04,3.33,-7.4,11.29,40.36,84.0,False,-14.64,7.1
NETWEB,Retail/Hotels/Services,4520.3,428.28,3.66,-11.54,2.53,39.6,84.0,False,-22.24,17.9
EXIDEIND,Capital Goods/Industrials,409.45,79.67,2.84,-3.81,-1.52,38.41,84.0,False,-17.52,31.9
ADANIGREEN,Power/Utilities,1276.1,124.55,2.74,-1.54,-17.63,37.9,84.0,False,-21.78,61.2
SCHNEIDER,Capital Goods/Industrials,1275.4,27.31,3.04,9.06,-15.03,37.52,83.0,True,-17.61,95.0
RKFORGE,Auto,695.45,38.91,3.35,-4.22,21.06,37.49,83.0,False,-10.01,17.7
PNBHOUSING,Financials/NBFC,1092.0,104.63,3.13,-4.29,0.98,34.7,82.0,False,-9.86,32.1
IIFL,Financials/NBFC,583.8,129.82,3.24,-7.81,10.62,36.27,82.0,False,-17.19,10.4
ETERNAL,Retail/Hotels/Services,313.9,638.23,2.65,-4.09,10.76,35.32,82.0,False,-14.81,0.9
ADANIENSOL,Power/Utilities,1326.4,191.09,3.06,-5.03,-18.26,34.49,81.0,False,-25.86,72.2
FLUOROCHEM,Chemicals/Materials,4341.5,51.99,2.86,-8.11,10.37,34.25,81.0,False,-12.39,0.7
BALRAMCHIN,FMCG/Consumer,649.05,79.24,3.5,-3.09,13.67,34.27,81.0,False,-16.89,7.9
JYOTICNC,Capital Goods/Industrials,1032.1,79.51,4.47,8.0,33.93,34.67,81.0,True,-9.03,15.6
DEEPAKFERT,Chemicals/Materials,1300.9,26.93,3.66,-8.17,-18.4,33.01,80.0,False,-22.08,25.9
DATAPATTNS,Capital Goods/Industrials,4251.3,172.95,3.83,-5.88,-7.69,32.77,80.0,False,-14.97,33.2
CYIENT,IT,1104.6,35.72,3.85,-1.57,26.97,32.71,80.0,True,-9.38,76.5
IDFCFIRSTB,Financials/NBFC,80.39,170.41,2.53,-5.52,-0.63,31.76,79.0,False,-10.29,35.7
RBLBANK,Financials/NBFC,411.4,143.27,2.72,5.65,11.9,31.95,79.0,True,-4.24,76.6
PARADEEP,Chemicals/Materials,151.22,29.68,2.86,-2.23,6.86,32.06,79.0,False,-24.25,5.6
NYKAA,Retail/Hotels/Services,324.95,132.2,2.78,-3.69,3.65,31.06,78.0,False,-7.04,52.6
ZYDUSLIFE,Pharma/Healthcare,1145.7,139.1,2.49,-0.74,-0.1,31.28,78.0,True,-7.01,8.0
BEML,Auto,1962.3,46.4,3.49,-2.88,6.4,30.06,78.0,True,-13.03,22.9
OLAELEC,Auto,37.08,195.6,5.42,-4.87,-12.53,28.62,77.0,False,-36.78,26.8
TATATECH,IT,698.8,61.52,3.31,-14.07,-1.79,29.35,77.0,False,-21.57,42.4
ANANDRATHI,Financials/NBFC,2117.5,60.16,2.63,-3.68,1.05,28.87,77.0,False,-6.65,41.8
PVRINOX,Telecom/Media,1215.3,62.76,3.83,0.44,19.85,28.41,77.0,True,-10.49,38.6
KALYANKJIL,Metals/Mining,528.5,313.34,2.97,-10.06,39.19,28.07,76.0,False,-18.23,3.5
SHYAMMETL,Metals/Mining,1047.8,25.92,3.13,-2.31,9.8,28.05,76.0,True,-8.73,6.0
ADANIPORTS,Capital Goods/Industrials,1737.8,248.1,2.62,3.89,-6.79,26.37,75.0,True,-8.11,20.4
GRAPHITE,Capital Goods/Industrials,786.15,117.78,3.81,8.2,28.09,26.2,75.0,True,-10.09,51.2
CGPOWER,Capital Goods/Industrials,879.0,201.02,2.86,0.14,-4.98,26.68,75.0,False,-10.39,78.7
NAM-INDIA,Financials/NBFC,1046.0,98.71,3.08,-10.71,-13.37,27.25,75.0,False,-17.61,4.9
MCX,Financials/NBFC,3204.0,631.15,3.48,-2.5,17.95,26.36,75.0,True,-7.97,24.3
PCBL,Chemicals/Materials,321.5,34.86,3.5,1.97,1.13,25.38,74.0,False,-15.89,4.0
EMCURE,Pharma/Healthcare,1944.6,20.43,3.05,4.84,6.18,25.31,74.0,True,-7.43,44.3
DIXON,FMCG/Consumer,12700.0,443.65,2.87,-12.89,-4.47,25.63,74.0,False,-27.39,7.0
ANANTRAJ,Realty,577.85,95.06,3.02,-1.87,5.06,25.98,74.0,False,-22.17,1.8
KARURVYSYA,Financials/NBFC,325.3,44.87,2.92,-6.15,7.79,25.1,73.0,False,-9.3,71.6
DLF,Realty,658.4,197.05,2.56,-2.25,-0.99,24.82,73.0,False,-15.24,35.7
POWERINDIA,Capital Goods/Industrials,31290.0,275.6,3.09,-2.83,-3.28,25.04,73.0,False,-19.31,82.2
CUB,Financials/NBFC,230.04,42.0,3.68,-0.25,3.34,24.57,72.0,True,-7.56,85.2
LLOYDSME,Chemicals/Materials,1776.8,55.8,3.01,-2.0,1.22,23.3,71.0,False,-16.39,13.4
USHAMART,Chemicals/Materials,491.7,35.27,3.43,-1.97,-3.72,22.17,70.0,False,-9.38,1.7
PRESTIGE,Realty,1486.1,76.41,2.94,-6.06,-12.65,21.76,70.0,False,-17.57,71.5
ELGIEQUIP,Capital Goods/Industrials,584.65,20.02,3.07,-5.2,-0.77,21.7,70.0,False,-10.52,21.3
ABCAPITAL,Financials/NBFC,375.05,95.1,2.57,-5.54,-8.47,21.55,70.0,False,-12.92,15.0
MAHABANK,Financials/NBFC,80.5,110.26,3.1,-2.31,-6.95,22.82,70.0,False,-14.81,59.1
