grp,stocks,med_1m,med_3m,med_6m,pct_above_50dma,pct_above_200dma,median_rs6m_pct
Auto,13,-4.9,1.9,28.6,18.0,45.0,77.0
Pharma/Healthcare,57,-3.5,-0.3,25.3,30.0,39.0,72.0
Realty,12,-5.5,-5.4,18.7,8.0,42.0,64.5
Banks,13,-6.3,-7.9,11.7,15.0,31.0,58.0
Other,4,6.0,7.6,97.9,50.0,50.0,58.0
Capital Goods/Industrials,79,-4.5,-7.7,11.7,25.0,31.0,57.0
Retail/Hotels/Services,35,-6.9,-4.2,8.7,10.0,27.0,53.0
Metals/Mining,11,-3.9,-2.2,12.3,30.0,40.0,52.0
Financials/NBFC,84,-6.0,-8.4,4.2,8.0,24.0,46.0
Chemicals/Materials,76,-5.9,-7.0,4.3,17.0,29.0,44.0
Telecom/Media,16,-5.2,-8.8,2.9,25.0,31.0,43.0
FMCG/Consumer,80,-6.4,-8.4,0.8,11.0,22.0,40.0
IT,31,-9.2,-2.5,-0.0,13.0,26.0,39.0
Power/Utilities,28,-4.4,-10.1,-0.6,11.0,32.0,37.5
Oil & Gas,13,-4.8,-2.5,-1.4,23.0,23.0,35.0
Cement/Construction,6,-7.0,-16.6,-11.1,0.0,0.0,8.0
