symbol,entry,exit_date,status,qty,position_rs,net_return_pct,charges_rs,pnl_rs,equity_rs
DEEPAKNTR,24-Aug-2026 09:15,24-Aug-2026 14:30,STOPPED,14,24711,-2.41,84,-643,24357
SAFARI,31-Aug-2026 11:30,02-Sep-2026 14:30,STOPPED,16,24158,-1.5,100,-377,23980
GABRIEL,02-Sep-2026 15:15,03-Sep-2026 11:00,STOPPED,17,23798,-2.62,98,-639,23342
DELHIVERY,03-Sep-2026 10:30,09-Sep-2026 09:15,STOPPED,50,22962,-2.48,95,-584,22757
SARDAEN,07-Sep-2026 14:30,09-Sep-2026 10:15,TARGET HIT,44,22579,3.96,94,879,23636
AADHARHFC,08-Sep-2026 13:00,10-Sep-2026 11:00,STOPPED,49,23184,-2.09,96,-500,23137
CREDITACC,08-Sep-2026 14:00,11-Sep-2026 09:15,STOPPED,16,22608,-2.19,94,-510,22627
AFFLE,10-Sep-2026 12:15,11-Sep-2026 09:15,STOPPED,14,22498,-2.85,94,-656,21970
GNA,10-Sep-2026 10:15,15-Sep-2026 14:15,STOPPED,40,21960,-2.56,92,-577,21393
TATAPOWER,15-Sep-2026 09:15,15-Sep-2026 15:00,STOPPED,57,21062,-1.91,79,-449,20944
COROMANDEL,15-Sep-2026 09:45,16-Sep-2026 09:15,STOPPED,10,19411,-1.57,83,-320,20624
HDBFS,18-Sep-2026 15:00,22-Sep-2026 15:00,STOPPED,29,20287,-4.05,86,-837,19788
UJJIVANSFB,17-Sep-2026 09:15,24-Sep-2026 09:15,STOPPED,302,19772,-6.4,84,-1280,18507
CANHLIFE,21-Sep-2026 13:15,24-Sep-2026 09:15,STOPPED,121,18465,-5.78,80,-1082,17425
TATAPOWER,18-Sep-2026 15:15,28-Sep-2026 15:00,STOPPED,46,17241,-4.27,75,-751,16674
PRESTIGE,28-Sep-2026 15:00,29-Sep-2026 13:15,STOPPED,11,16179,-2.76,72,-462,16212
KAYNES,24-Sep-2026 11:45,01-Oct-2026 12:30,STOPPED,4,14079,-3.65,64,-529,15683
