symbol,A,A_high,C,C_low,B,B_high,D,D_low,AB_bars,AC_bars,CB_bars,BD_bars,AC_share,fib_B,fib_D,sma200_slope_pct,res_touches,target,stop,status,early_9sma,entry,entry_close,entry_move_pct,exit_date,return_pct,hold_candles,reward_risk,same_day,cost_pct,net_return_pct,risk_pct,r_multiple
PFC,18-Oct-2021,90.6897558302829,20-Jun-2022,62.455714217576926,12-Aug-2022,78.76107545083411,03-Oct-2022,67.58645397489502,206,168,39,35,0.816,0.578,0.315,-0.02,11,88.84,67.58645397489502,D broken,,,,,,,,,,,,,
WHIRLPOOL,12-Oct-2021,2502.8134755389337,26-May-2022,1339.8395266803502,17-Aug-2022,1875.8298670437307,17-Oct-2022,1526.3640917117118,211,154,58,42,0.73,0.461,0.348,-0.089,2,2207.07,1526.3640917117118,D broken,,,,,,,,,,,,,
EMAMILTD,24-Aug-2021,568.4098544101622,20-Jun-2022,365.1210456060482,26-Sep-2022,486.3330279918456,23-Nov-2022,398.10563770123,270,204,67,39,0.756,0.596,0.272,-0.052,6,561.24,398.10563770123,STOPPED,25-Nov-2022,29-Nov-2022,443.5364990234375,6.15,23-Dec-2022,-12.58,18.0,2.59,False,0.35,-12.93,10.24,-1.26
CROMPTON,16-Sep-2021,490.1498753141083,17-Jun-2022,298.2191406483592,13-Sep-2022,412.8929163031728,07-Dec-2022,334.1160717459787,247,188,60,59,0.761,0.597,0.313,-0.078,7,483.76,334.1160717459787,D broken,,,,,,,,,,,,,
DEEPAKNTR,19-Oct-2021,2963.5554549440003,01-Jul-2022,1649.7291217958134,03-Nov-2022,2321.5038256174817,23-Dec-2022,1849.4404073239607,260,176,85,36,0.677,0.511,0.297,0.034,12,2736.66,1849.4404073239607,D broken,,,,,,,,,,,,,
ERIS,19-Oct-2021,844.5378171509935,20-Jun-2022,587.4577236353914,04-Oct-2022,741.5875857347438,11-Jan-2023,628.5394096557419,240,167,74,69,0.696,0.6,0.267,-0.017,5,836.84,628.5394096557419,D broken,,,,,,,,,,,,,
APOLLOHOSP,26-Nov-2021,5855.5531594938975,26-May-2022,3316.3284735035754,05-Dec-2022,4849.239782297239,30-Jan-2023,4078.6650218175073,255,124,132,40,0.486,0.604,0.497,-0.031,5,5796.58,4078.6650218175073,TARGET HIT,06-Feb-2023,15-Feb-2023,4439.6416015625,5.13,11-Jan-2024,31.21,222.0,3.76,False,0.35,30.86,8.13,3.8
HDFCAMC,09-Sep-2021,1515.501824027545,24-May-2022,761.1287730490316,20-Dec-2022,1066.0074324019947,01-Feb-2023,842.8028832364092,318,174,145,31,0.547,0.404,0.268,-0.065,2,1254.42,842.8028832364092,D broken,,,,,,,,,,,,,
ECLERX,13-Jan-2022,987.8252672406162,26-Dec-2022,609.4293469355024,06-Feb-2023,775.8120809241395,10-Mar-2023,672.8429765133701,265,236,30,24,0.891,0.44,0.381,-0.013,4,878.64,672.8429765133701,D broken,,,,,,,,,,,,,
COFORGE,04-Jan-2022,1159.78630226849,15-Jun-2022,612.1537432734159,02-Feb-2023,864.1401744863566,29-Mar-2023,685.6606227124743,270,111,160,39,0.411,0.46,0.292,0.011,13,1019.87,685.6606227124743,consolidation too wide,,,,,,,,,,,,,
DEEPAKNTR,19-Oct-2021,2963.5554549440003,01-Jul-2022,1649.7291217958134,08-Sep-2023,2346.1362163253907,26-Oct-2023,1900.3338314219163,471,176,296,32,0.374,0.53,0.36,0.022,3,2776.52,1900.3338314219163,TARGET HIT,02-Nov-2023,06-Nov-2023,2114.41015625,5.77,18-Jul-2024,32.36,169.0,3.09,False,0.35,32.01,10.12,3.16
HCL-INSYS,18-Jan-2022,31.299999237060547,28-Mar-2023,11.149999618530272,07-Aug-2023,20.799999237060547,26-Oct-2023,14.149999618530272,385,297,89,55,0.771,0.479,0.311,-0.021,13,26.76,14.149999618530272,STOPPED,31-Oct-2023,02-Nov-2023,16.0,4.92,12-Mar-2024,-12.81,86.0,5.82,False,0.35,-13.16,11.56,-1.14
PVRINOX,04-Aug-2022,2214.85009765625,17-May-2023,1336.4000244140625,08-Sep-2023,1875.449951171875,26-Oct-2023,1565.4000244140625,272,192,81,32,0.706,0.614,0.425,-0.001,7,2208.58,1565.4000244140625,D broken,,,,,,,,,,,,,
BIOCON,08-Feb-2022,406.0744869141572,21-Mar-2023,189.6984228347068,15-Sep-2023,278.8060172466862,31-Oct-2023,216.6498980339121,399,278,122,30,0.697,0.412,0.302,-0.063,3,333.87,216.6498980339121,TARGET HIT,29-Nov-2023,13-Dec-2023,248.3255920410156,4.46,07-Jun-2024,34.78,117.0,2.7,False,0.35,34.43,12.76,2.7
CAMS,17-Nov-2021,599.2301196473136,26-May-2022,378.39511031596186,14-Sep-2023,507.91723915881454,01-Nov-2023,424.5494076521037,455,130,326,32,0.286,0.587,0.356,0.044,10,587.96,424.5494076521037,TARGET HIT,03-Nov-2023,13-Nov-2023,510.81097412109375,10.63,23-Feb-2024,16.92,68.0,0.89,False,0.35,16.57,16.89,0.98
SBICARD,17-Aug-2022,1014.7360819414732,04-Jun-2024,643.7645150502796,13-Sep-2024,812.1199848670042,07-Oct-2024,720.2174860472823,512,442,71,16,0.863,0.454,0.454,0.014,2,916.16,720.2174860472823,D broken,,,,,,,,,,,,,
BHEL,09-Jul-2024,333.29079940359145,03-Mar-2025,175.06620522548732,30-Jun-2025,270.6563614057732,29-Aug-2025,204.46044916421653,242,164,79,43,0.678,0.604,0.308,-0.034,2,329.73,204.46044916421653,TARGET HIT,08-Sep-2025,11-Sep-2025,228.34341430664065,4.11,21-Apr-2026,45.19,147.0,4.25,False,0.35,44.84,10.46,4.29
RAILTEL,12-Jul-2024,603.9177590622238,03-Mar-2025,261.1919397710142,10-Jun-2025,472.7469459871095,29-Aug-2025,323.55837579169497,225,161,65,57,0.716,0.617,0.295,-0.067,8,603.49,323.55837579169497,STOPPED,05-Sep-2025,15-Sep-2025,395.49322509765625,6.7,08-Dec-2025,-20.48,57.0,2.89,False,0.35,-20.83,18.19,-1.15
SOBHA,13-Jun-2024,2144.282636626408,07-Apr-2025,1068.8001348052132,22-Jul-2025,1725.427556401693,05-Sep-2025,1396.3763338934632,275,203,73,32,0.738,0.611,0.499,-0.048,2,2131.22,1396.3763338934632,STOPPED,10-Sep-2025,11-Sep-2025,1551.0423583984375,4.1,20-Jan-2026,-12.38,88.0,3.75,False,0.35,-12.73,9.97,-1.28
PVRINOX,08-Sep-2023,1875.449951171875,07-Apr-2025,830.0,30-Oct-2025,1249.699951171875,12-Jan-2026,956.5,525,385,141,51,0.733,0.401,0.301,0.037,8,1509.07,956.5,D broken,,,,,,,,,,,,,
STARHEALTH,11-Sep-2023,675.0,07-Apr-2025,327.29998779296875,17-Nov-2025,534.0,27-Jan-2026,416.5499877929688,536,385,152,49,0.718,0.594,0.432,0.096,7,661.74,416.5499877929688,OPEN,25-Mar-2026,16-Apr-2026,496.6499938964844,3.68,01-Oct-2026,8.27,116.0,2.06,False,0.35,7.92,16.13,0.49
BLUESTARCO,06-Jan-2025,2393.705799338876,30-May-2025,1506.341084023854,04-Sep-2025,2030.0441864390432,28-Jan-2026,1636.9719040271225,165,98,68,99,0.594,0.59,0.249,-0.036,28,2353.69,1636.9719040271225,consolidation too wide,,,,,,,,,,,,,
SKYGOLD,17-Dec-2024,488.5499877929688,06-Aug-2025,246.0500030517578,19-Feb-2026,387.4500122070313,24-Mar-2026,310.79998779296875,292,159,134,23,0.545,0.583,0.458,-0.056,3,474.84,310.79998779296875,TARGET HIT,,01-Apr-2026,337.75,6.13,06-May-2026,41.82,22.0,5.09,False,0.35,41.47,7.98,5.2
TORNTPOWER,22-Oct-2024,1980.17095901356,06-Oct-2025,1171.7578125,27-Feb-2026,1599.4601513768484,02-Apr-2026,1280.5647680984684,336,237,100,22,0.705,0.529,0.254,-0.005,3,1863.78,1280.5647680984684,consolidation too wide,,,,,,,,,,,,,
ASTRAL,02-Jul-2024,2438.473299950864,13-Mar-2025,1227.0476682736517,11-Mar-2026,1765.9224658214252,20-May-2026,1429.35188673456,420,177,244,46,0.421,0.445,0.375,0.016,27,2098.95,1429.35188673456,D broken,,,,,,,,,,,,,
SOLARA,02-Dec-2024,882.7999877929688,30-Mar-2026,422.0,15-Jun-2026,620.3499755859375,27-Jul-2026,471.5499877929688,378,328,51,30,0.868,0.43,0.25,-0.094,11,742.93,471.5499877929688,TARGET HIT,13-Aug-2026,18-Aug-2026,549.0499877929688,7.85,11-Sep-2026,36.44,18.0,2.5,False,0.35,36.09,14.12,2.56
VBL,29-Jul-2024,676.3680949688862,23-Mar-2026,379.7399002549519,17-Jun-2026,555.1842484654879,28-Jul-2026,422.5314056396484,466,410,57,29,0.88,0.591,0.244,0.005,2,663.61,422.5314056396484,D broken,,,,,,,,,,,,,
GODREJPROP,16-Jul-2024,3386.331374704625,02-Apr-2026,1427.1018020889294,29-Jul-2026,2180.0,16-Sep-2026,1647.5999755859375,503,424,80,35,0.843,0.384,0.293,-0.075,10,2645.29,1647.5999755859375,D broken,,,,,,,,,,,,,
JBMA,13-Sep-2024,1044.656482102607,16-Mar-2026,476.3411078671452,22-Jun-2026,737.4798969586368,16-Sep-2026,585.0,436,372,65,61,0.853,0.459,0.416,-0.011,12,898.86,585.0,D broken,,,,,,,,,,,,,
OLECTRA,22-Feb-2024,2219.766655213374,16-Mar-2026,866.1616606732061,02-Jul-2026,1555.2129622823545,16-Sep-2026,1154.4157555985123,579,508,72,54,0.877,0.509,0.418,-0.07,10,1981.05,1154.4157555985123,STOPPED,18-Sep-2026,23-Sep-2026,1275.9000244140625,4.82,29-Sep-2026,-10.89,4.0,5.8,False,0.35,-11.24,9.52,-1.18
ATGL,03-Jun-2024,1188.8281839124331,09-Mar-2026,462.638407791508,29-May-2026,859.5498025483846,01-Oct-2026,572.0499877929688,491,438,54,88,0.892,0.547,0.276,-0.007,24,1104.84,572.0499877929688,FORMING,,,,,,,,,,,,,
JSWENERGY,24-Sep-2024,799.0142211770346,17-Feb-2025,415.687929244058,29-May-2026,615.2574202859911,01-Oct-2026,475.1000061035156,413,102,312,88,0.247,0.521,0.298,0.014,29,738.59,475.1000061035156,FORMING,,,,,,,,,,,,,
YESBANK,09-Feb-2024,32.849998474121094,12-Mar-2025,16.020000457763672,18-Jun-2026,25.780000686645508,01-Oct-2026,20.51000022888184,579,270,310,74,0.466,0.58,0.46,-0.011,23,31.81,20.51000022888184,FORMING,,,,,,,,,,,,,
