date,equity,cash,invested,positions,regime_up,halted
2021-07-26,500000.0,500000.0,0.0,0,True,False
2021-07-27,499751.70676924434,476381.3316700622,23370.37509918213,2,True,False
2021-07-28,499384.39843991026,489173.72503140196,10210.6734085083,1,True,False
2021-07-29,495811.04918093496,389045.56437868887,106765.4848022461,2,True,False
2021-07-30,498652.51629282505,430416.70391489536,68235.81237792969,2,True,False
2021-08-02,499415.67125251377,430896.66038825596,68519.01086425781,2,True,False
2021-08-03,497890.8255424369,411300.37401579507,86590.45152664185,2,True,False
2021-08-04,497471.6064109672,411300.37401579507,86171.23239517212,2,True,False
2021-08-05,497174.1577824511,467327.60788239614,29846.54990005493,1,True,False
2021-08-06,497825.4890425721,451354.4238837281,46471.065158843994,2,True,False
2021-08-09,496933.28869412496,467836.30809948995,29096.98059463501,1,True,False
2021-08-10,495402.67633211415,454401.1058174352,41001.570514678955,2,True,False
2021-08-11,493177.0917218078,411425.7977154601,81751.29400634766,4,True,False
2021-08-12,497972.54939032544,469220.59431220044,28751.955078125,2,True,False
2021-08-13,496999.8797003802,454416.7588507708,42583.120849609375,2,True,False
2021-08-16,497142.38387558004,470440.93087265035,26701.453002929688,1,True,False
2021-08-17,496568.61641952535,470440.93087265035,26127.685546875,1,True,False
2021-08-18,496702.0259654238,470440.93087265035,26261.095092773438,1,True,False
2021-08-20,496486.11361640994,454356.9055475623,42129.208068847656,2,True,False
2021-08-23,490530.38116660767,347639.7170354431,142890.66413116455,5,True,False
2021-08-24,493188.0356552287,361466.02221986494,131722.01343536377,4,True,False
2021-08-25,493831.65931933204,345081.18974535743,148750.4695739746,5,True,False
2021-08-26,494387.8441910864,389639.49047709716,104748.35371398926,3,True,False
2021-08-27,494683.72107450955,441182.32332365506,53501.39775085449,2,True,False
2021-08-30,496157.3406324656,496157.3406324656,0.0,0,True,False
2021-08-31,496157.3406324656,496157.3406324656,0.0,0,True,False
2021-09-01,496021.71870549343,480198.1811078372,15823.53759765625,1,True,False
2021-09-02,495905.95844016457,462401.59991965676,33504.35852050781,1,True,False
2021-09-03,496360.2686050547,496360.2686050547,0.0,0,True,False
2021-09-06,496360.2686050547,496360.2686050547,0.0,0,True,False
2021-09-07,496360.2686050547,496360.2686050547,0.0,0,True,False
2021-09-08,495632.9342297794,447178.3410290958,48454.593200683594,1,True,False
2021-09-09,495575.78597379633,444359.1360714526,51216.64990234375,1,True,False
2021-09-13,495861.19515348383,444359.1360714526,51502.05908203125,1,True,False
2021-09-14,495682.4860940679,425031.2698465093,70651.2162475586,2,True,False
2021-09-15,496172.65412286087,467417.64313653274,28755.010986328125,1,True,False
2021-09-16,496206.31831635296,496206.31831635296,0.0,0,True,False
2021-09-17,496659.86406634276,496659.86406634276,0.0,0,True,False
2021-09-20,491337.79655207077,379013.3944562761,112324.40209579468,4,True,False
2021-09-21,489929.1004541579,419694.76476079854,70234.33569335938,2,True,False
2021-09-22,491877.74308632716,425759.8289780508,66117.91410827637,3,True,False
2021-09-23,491139.78890763456,373287.5922523611,117852.19665527344,3,True,False
2021-09-24,489697.12679825956,373287.5922523611,116409.53454589844,3,True,False
2021-09-27,488258.7916663515,384279.89469369524,103978.89697265625,2,True,False
2021-09-28,492094.86378747434,492094.86378747434,0.0,0,True,False
2021-09-29,492210.40621188143,480565.0404892252,11645.36572265625,1,True,False
2021-09-30,492348.02267573454,492348.02267573454,0.0,0,True,False
2021-10-01,492483.6496526259,480645.3971501845,11838.252502441408,1,True,False
2021-10-04,491848.32775287755,433655.27276020177,58193.05499267578,3,True,False
2021-10-05,491519.0184700565,491519.0184700565,0.0,0,True,False
2021-10-06,491519.0184700565,491519.0184700565,0.0,0,True,False
2021-10-07,490917.893008857,458924.47412457963,31993.418884277347,1,True,False
2021-10-08,492688.52006214444,492688.52006214444,0.0,0,True,False
2021-10-11,492688.52006214444,492688.52006214444,0.0,0,True,False
2021-10-12,492688.52006214444,492688.52006214444,0.0,0,True,False
2021-10-13,492688.52006214444,492688.52006214444,0.0,0,True,False
2021-10-14,493081.01579404343,476842.6696865605,16238.34610748291,1,True,False
2021-10-18,493846.73071849096,493846.73071849096,0.0,0,True,False
2021-10-19,493846.73071849096,493846.73071849096,0.0,0,True,False
2021-10-20,491274.9595690854,405310.53931151703,85964.42025756836,2,True,False
2021-10-21,491296.6325528705,356149.2040860736,135147.42846679688,5,True,False
2021-10-22,490745.81996004505,393299.1975082628,97446.62245178223,3,True,False
2021-10-25,487908.17933173437,375833.5329236533,112074.64640808105,4,True,False
2021-10-26,491693.19727564603,437776.9767785147,53916.22049713135,3,True,False
2021-10-27,491791.2594798521,475876.1645854429,15915.09489440918,1,True,False
2021-10-28,490095.4277854512,453658.1136985371,36437.314086914055,1,True,False
2021-10-29,489427.7619635913,432156.8378679607,57270.924095630646,3,True,False
2021-11-01,489162.52760043443,453862.306927827,35300.22067260742,1,True,False
2021-11-02,488833.81873555854,418487.9553932734,70345.86334228516,3,True,False
2021-11-03,486859.20429094293,381479.07019670465,105380.13409423828,3,True,False
2021-11-04,487742.30060788494,357007.06138059,130735.23922729492,5,True,False
2021-11-08,488369.1765506291,427875.68607211346,60493.490478515625,2,True,False
2021-11-09,488211.20645785565,427875.68607211346,60335.52038574219,2,True,False
2021-11-10,488334.59430575604,427875.68607211346,60458.90823364258,2,True,False
2021-11-11,488622.00795323454,488622.00795323454,0.0,0,True,False
2021-11-12,488414.52515866613,442950.2370879874,45464.28807067871,2,True,False
2021-11-15,488756.9864591019,456185.9249356644,32571.0615234375,1,True,False
2021-11-16,488637.28907722456,472461.12989753706,16176.1591796875,1,True,False
2021-11-17,488091.8480214116,444868.7735508916,43223.07447052002,3,True,False
2021-11-18,488530.7955156641,420258.1718965845,68272.62361907959,3,True,False
2021-11-22,483637.5809483928,387175.2822575969,96462.2986907959,3,True,False
2021-11-23,487318.73489590315,411052.60988064436,76266.12501525879,3,True,False
2021-11-24,485881.98980474804,369964.0940527949,115917.89575195312,3,True,False
2021-11-25,486040.35608223244,324125.9889595823,161914.36712265015,4,True,False
2021-11-26,478809.3755073747,302034.3681335649,176775.0073738098,4,True,False
2021-11-29,476529.73962045985,365434.52323175746,111095.21638870239,3,True,False
2021-11-30,478929.7973863103,408136.98355879565,70792.81382751465,3,True,False
2021-12-01,480427.68570504605,480427.68570504605,0.0,0,True,False
2021-12-02,480427.68570504605,480427.68570504605,0.0,0,True,False
2021-12-03,480427.68570504605,480427.68570504605,0.0,0,True,False
2021-12-06,480884.6204696121,467156.254014534,13728.366455078125,1,True,False
2021-12-07,481532.56257229357,465803.0982168248,15729.46435546875,1,True,False
2021-12-08,481432.8239362795,481432.8239362795,0.0,0,True,False
2021-12-09,481432.8239362795,481432.8239362795,0.0,0,True,False
2021-12-10,481432.8239362795,481432.8239362795,0.0,0,True,False
2021-12-13,481432.8239362795,481432.8239362795,0.0,0,True,False
2021-12-14,481432.8239362795,481432.8239362795,0.0,0,True,False
2021-12-15,481432.8239362795,481432.8239362795,0.0,0,True,False
2021-12-16,481432.8239362795,481432.8239362795,0.0,0,True,False
2021-12-17,478713.18524444563,324113.4066799925,154599.77856445312,3,True,False
2021-12-20,477896.97482807375,287520.1211503241,190376.85367774963,5,True,False
2021-12-21,480337.79842502193,401316.7327206762,79021.0657043457,4,True,False
2021-12-22,482146.2239274717,472365.10435960063,9781.11956787109,1,True,False
2021-12-23,482039.8244330435,482039.8244330435,0.0,0,True,False
2021-12-24,482039.8244330435,482039.8244330435,0.0,0,True,False
2021-12-27,482039.8244330435,482039.8244330435,0.0,0,True,False
2021-12-28,482039.8244330435,482039.8244330435,0.0,0,True,False
2021-12-29,481934.49122529686,468187.39094453515,13747.100280761719,1,True,False
2021-12-30,482002.486062484,482002.486062484,0.0,0,True,False
2021-12-31,482002.486062484,482002.486062484,0.0,0,True,False
2022-01-03,482002.486062484,482002.486062484,0.0,0,True,False
2022-01-04,482002.486062484,482002.486062484,0.0,0,True,False
2022-01-05,482002.486062484,482002.486062484,0.0,0,True,False
2022-01-06,482002.486062484,482002.486062484,0.0,0,True,False
2022-01-07,481905.4300161254,408486.68465479725,73418.74536132812,2,True,False
2022-01-10,479680.80767474975,343470.94298969116,136209.8646850586,3,True,False
2022-01-11,479143.7208418073,247270.25258008853,231873.46826171875,3,True,False
2022-01-12,480037.5815325213,206915.07126335622,273122.51026916504,4,True,False
2022-01-13,479935.67386132263,294811.60745507263,185124.06640625,2,True,False
2022-01-14,481306.1076086002,413439.5822179752,67866.525390625,1,True,False
2022-01-17,480828.75834369636,393033.7201662061,87795.03817749023,2,True,False
2022-01-18,477010.60047110595,321872.05261954345,155138.5478515625,3,True,False
2022-01-19,474343.4969648645,297901.72718947387,176441.76977539062,4,True,False
2022-01-20,472160.02912148135,342416.3960648407,129743.63305664062,3,True,False
2022-01-21,466094.6083742613,337075.6863161558,129018.92205810547,4,True,False
2022-01-24,456337.5901849882,358792.4650781767,97545.12510681152,3,True,False
2022-01-25,453978.66925992037,396631.9196337607,57346.74962615967,4,True,False
2022-01-27,452178.18709236354,442970.510700762,9207.676391601562,1,True,False
2022-01-28,452270.5464063284,442970.510700762,9300.035705566406,1,True,True
2022-01-31,452316.21443939855,452316.21443939855,0.0,0,True,True
2022-02-01,452316.21443939855,452316.21443939855,0.0,0,True,False
2022-02-02,452316.21443939855,452316.21443939855,0.0,0,True,False
2022-02-03,452316.21443939855,452316.21443939855,0.0,0,True,False
2022-02-04,452316.21443939855,452316.21443939855,0.0,0,True,False
2022-02-07,452316.21443939855,452316.21443939855,0.0,0,True,False
2022-02-08,451920.50821601757,416048.2255011738,35872.28271484375,1,True,False
2022-02-09,453313.72904587316,397834.7311496787,55478.99789619446,3,True,False
2022-02-10,453297.66800033156,436036.7863474995,17260.88165283203,1,True,False
2022-02-11,451997.34644379665,435093.6516195779,16903.69482421875,1,True,False
2022-02-14,450782.72705454286,383955.7529410785,66826.97411346436,4,True,False
2022-02-15,451214.41947230406,370440.9170604617,80773.50241184235,5,True,False
2022-02-16,451292.4728288655,407075.1212663655,44217.3515625,3,True,False
2022-02-17,451437.8455457354,437538.08666512015,13899.758880615236,1,True,False
2022-02-18,451195.94483752473,424978.5056046985,26217.439232826233,2,True,False
2022-02-21,448647.48245808703,374878.6919297896,73768.79052829742,3,True,False
2022-02-22,447896.12865728256,344822.99026769516,103073.1383895874,5,True,False
2022-02-23,448544.970243465,374454.1762981525,74090.7939453125,3,True,False
2022-02-24,441993.2658217701,331484.12703736156,110509.13878440857,5,False,False
2022-02-25,445881.7377499383,364284.7110279839,81597.02672195435,3,False,False
2022-02-28,445371.51375793526,355690.0935041816,89681.42025375366,4,False,False
2022-03-02,443133.2861379304,363933.573655478,79199.71248245239,3,False,False
2022-03-03,441208.4633115449,363933.573655478,77274.8896560669,3,False,False
2022-03-04,438941.2786681304,423324.81123420096,15616.467433929447,1,False,False
2022-03-07,438532.7514477002,438532.7514477002,0.0,0,False,False
2022-03-08,438532.7514477002,438532.7514477002,0.0,0,False,False
2022-03-09,438532.7514477002,438532.7514477002,0.0,0,False,False
2022-03-10,438532.7514477002,438532.7514477002,0.0,0,False,False
2022-03-11,438532.7514477002,438532.7514477002,0.0,0,False,False
2022-03-14,438532.7514477002,438532.7514477002,0.0,0,False,False
2022-03-15,438136.1387082891,425079.50385874073,13056.634849548338,1,False,False
2022-03-16,438662.40950860165,431990.00969781063,6672.399810791016,1,False,False
2022-03-17,438598.871091954,438598.871091954,0.0,0,True,False
2022-03-21,438598.871091954,438598.871091954,0.0,0,True,False
2022-03-22,438598.871091954,438598.871091954,0.0,0,True,False
2022-03-23,438598.871091954,438598.871091954,0.0,0,True,False
2022-03-24,438598.871091954,438598.871091954,0.0,0,True,False
2022-03-25,438598.871091954,438598.871091954,0.0,0,True,False
2022-03-28,438455.6110485971,383733.682307142,54721.92874145508,2,True,False
2022-03-29,438489.45928101515,393530.5261755464,44958.93310546875,1,True,False
2022-03-30,437877.9229956935,380279.5291968654,57598.393798828125,2,True,False
2022-03-31,437797.65176910965,402565.15176910965,35232.5,1,True,False
2022-04-01,438658.3047739394,418252.67153419333,20405.633239746094,1,True,False
2022-04-04,438576.187157348,438576.187157348,0.0,0,True,False
2022-04-05,438576.187157348,438576.187157348,0.0,0,True,False
2022-04-06,438576.187157348,438576.187157348,0.0,0,True,False
2022-04-07,438576.187157348,438576.187157348,0.0,0,True,False
2022-04-08,438753.41822093143,421285.23572581424,17468.182495117188,1,True,False
2022-04-11,438563.2413182609,438563.2413182609,0.0,0,True,False
2022-04-12,438563.2413182609,438563.2413182609,0.0,0,True,False
2022-04-13,438529.6984883678,430567.6379414928,7962.060546875,1,True,False
2022-04-18,435935.79296204384,374654.06499573524,61281.727966308594,3,True,False
2022-04-19,435657.9856254619,372673.22048874316,62984.76513671875,3,False,False
2022-04-20,435772.2134641892,362706.5504087693,73065.66305541992,5,False,False
2022-04-21,436175.0277193304,373494.9702547308,62680.05746459961,4,True,False
2022-04-22,437881.97831999895,407597.47285735246,30284.505462646484,3,False,False
2022-04-25,436395.795786534,395214.1122538192,41181.68353271483,3,False,False
2022-04-26,437695.8690238904,372967.4984794568,64728.370544433594,3,False,False
2022-04-27,437767.0970569192,379653.9251437722,58113.17191314697,3,False,False
2022-04-28,438661.2625298521,426089.9791741392,12571.28335571289,1,True,False
2022-04-29,438204.7373272871,395303.058913896,42901.67841339111,3,False,False
2022-05-02,437198.8190744333,408845.7686975412,28353.05037689209,4,False,False
2022-05-04,436407.3721819307,414675.0439348604,21732.328247070312,2,False,False
2022-05-05,436517.2008282965,399413.96414921933,37103.23667907715,4,False,False
2022-05-06,435547.99412714975,409686.492952223,25861.501174926758,3,False,False
2022-05-09,434483.78212555463,403106.2966595512,31377.485466003418,4,False,False
2022-05-10,433273.196701277,411714.70317863295,21558.493522644043,3,False,False
2022-05-11,432896.45812882064,406201.2507466185,26695.20738220215,4,False,False
2022-05-12,431945.9266495595,411129.79310463765,20816.133544921875,2,False,False
2022-05-13,430464.0664716713,383097.4234739296,47366.6429977417,4,False,False
2022-05-16,431297.29060887144,408794.96150730894,22502.3291015625,1,False,False
2022-05-17,431564.20085549785,431564.20085549785,0.0,0,False,False
2022-05-18,431564.20085549785,431564.20085549785,0.0,0,False,False
2022-05-19,431564.20085549785,431564.20085549785,0.0,0,False,False
2022-05-20,431564.20085549785,431564.20085549785,0.0,0,False,False
2022-05-23,431564.20085549785,431564.20085549785,0.0,0,False,False
2022-05-24,431564.20085549785,431564.20085549785,0.0,0,False,False
2022-05-25,431564.20085549785,431564.20085549785,0.0,0,False,False
2022-05-26,431564.20085549785,431564.20085549785,0.0,0,False,False
2022-05-27,431833.6579390198,431833.6579390198,0.0,0,False,False
2022-05-30,431833.6579390198,431833.6579390198,0.0,0,False,False
2022-05-31,432070.46506270824,426191.84872970043,5878.6163330078125,1,False,False
2022-06-01,432306.77715033124,432306.77715033124,0.0,0,False,False
2022-06-02,432306.77715033124,432306.77715033124,0.0,0,False,False
2022-06-03,432306.77715033124,432306.77715033124,0.0,0,False,False
2022-06-06,432365.01962158934,425001.7701098706,7363.24951171875,1,False,False
2022-06-07,432333.05357751285,407194.01060876285,25139.04296875,1,False,False
2022-06-08,432167.87592923874,412121.2480300688,20046.627899169922,2,False,False
2022-06-09,432558.5329084909,432558.5329084909,0.0,0,False,False
2022-06-10,432558.5329084909,432558.5329084909,0.0,0,False,False
2022-06-13,432558.5329084909,432558.5329084909,0.0,0,False,False
2022-06-14,432946.6819710216,410932.29934162705,22014.38262939453,3,False,False
2022-06-15,432894.06179098034,404068.7251820936,28825.336608886722,4,False,False
2022-06-16,431523.81093512056,416266.74550543306,15257.0654296875,1,False,False
2022-06-17,431033.3157008266,402990.3713648891,28042.9443359375,3,False,False
2022-06-20,429877.64131000947,429877.64131000947,0.0,0,False,False
2022-06-21,430098.7159412423,430098.7159412423,0.0,0,False,False
2022-06-22,430098.7159412423,430098.7159412423,0.0,0,False,False
2022-06-23,430098.7159412423,430098.7159412423,0.0,0,False,False
2022-06-24,430098.7159412423,430098.7159412423,0.0,0,False,False
2022-06-27,430098.7159412423,430098.7159412423,0.0,0,False,False
2022-06-28,430098.7159412423,430098.7159412423,0.0,0,False,False
2022-06-29,430098.7159412423,430098.7159412423,0.0,0,False,False
2022-06-30,430098.7159412423,430098.7159412423,0.0,0,False,False
2022-07-01,430098.7159412423,430098.7159412423,0.0,0,False,False
2022-07-04,430098.7159412423,430098.7159412423,0.0,0,False,False
2022-07-05,430098.7159412423,430098.7159412423,0.0,0,False,False
2022-07-06,430098.7159412423,430098.7159412423,0.0,0,False,False
2022-07-07,430098.7159412423,430098.7159412423,0.0,0,False,False
2022-07-08,430098.7159412423,430098.7159412423,0.0,0,False,False
2022-07-11,430098.7159412423,430098.7159412423,0.0,0,False,False
2022-07-12,430098.7159412423,430098.7159412423,0.0,0,False,False
2022-07-13,430098.7159412423,430098.7159412423,0.0,0,False,False
2022-07-14,430098.7159412423,430098.7159412423,0.0,0,False,False
2022-07-15,430098.7159412423,430098.7159412423,0.0,0,False,False
2022-07-18,430098.7159412423,430098.7159412423,0.0,0,False,False
2022-07-19,430098.7159412423,430098.7159412423,0.0,0,False,False
2022-07-20,430098.7159412423,430098.7159412423,0.0,0,False,False
2022-07-21,430098.7159412423,430098.7159412423,0.0,0,False,False
2022-07-22,430098.7159412423,430098.7159412423,0.0,0,False,False
2022-07-25,430098.7159412423,430098.7159412423,0.0,0,False,False
2022-07-26,430098.7159412423,430098.7159412423,0.0,0,False,False
2022-07-27,429986.8941447312,418630.84696455544,11356.047180175781,1,False,False
2022-07-28,429542.43123856623,375390.58967057307,54151.841567993164,2,False,False
2022-07-29,429950.39764933544,366972.7879462715,62977.609703063965,3,True,False
2022-08-01,431450.06738191284,412463.2822714392,18986.785110473633,1,True,False
2022-08-02,431896.11235072085,412814.2699129767,19081.84243774414,1,True,False
2022-08-03,431826.06967188785,412814.2699129767,19011.799758911133,1,True,False
2022-08-04,432241.8986325354,432241.8986325354,0.0,0,True,False
2022-08-05,432241.8986325354,432241.8986325354,0.0,0,True,False
2022-08-08,431590.97579013865,337202.58016025583,94388.39562988281,2,True,False
2022-08-10,431945.2135831074,337202.58016025583,94742.63342285156,2,True,False
2022-08-11,429703.4387527791,322529.4604812947,107173.97827148438,3,True,False
2022-08-12,429539.1416147756,394322.4892710256,35216.65234375,1,True,False
2022-08-16,430057.2018001382,352705.8541438882,77351.34765625,2,True,False
2022-08-17,429230.7183158443,388619.8688285396,40610.84948730468,1,True,False
2022-08-18,428009.80542065226,357784.2728278788,70225.53259277344,2,True,False
2022-08-19,425825.7804071883,395607.3856928328,30218.39471435547,1,True,False
2022-08-22,422716.2061418436,294132.6278337381,128583.57830810547,3,True,False
2022-08-23,426090.54150211933,346606.6877270949,79483.85377502441,3,True,False
2022-08-24,426877.28034809,376358.37019184,50518.91015625,1,True,False
2022-08-25,426612.0486711569,362012.94149342255,64599.107177734375,2,True,False
2022-08-26,425598.0765821757,346203.02525923867,79395.05132293701,3,True,False
2022-08-29,424719.46709029126,360487.6147953694,64231.852294921875,2,True,False
2022-08-30,425864.36051215924,393044.48172797955,32819.87878417969,2,True,False
2022-09-01,425651.30310689745,425651.30310689745,0.0,0,True,False
2022-09-02,425931.640353283,410207.37069996266,15724.269653320312,1,True,False
2022-09-05,426411.0378142205,410207.37069996266,16203.667114257812,1,True,False
2022-09-06,426094.178256115,410207.37069996266,15886.807556152344,1,True,False
2022-09-07,426047.60830982594,410207.37069996266,15840.237609863281,1,True,False
2022-09-08,426425.99491408764,388305.7862959236,38120.20861816406,2,True,False
2022-09-09,426261.0682061999,388329.80618227413,37931.26202392578,2,True,False
2022-09-12,426066.86709580134,426066.86709580134,0.0,0,True,False
2022-09-13,426066.86709580134,426066.86709580134,0.0,0,True,False
2022-09-14,426066.86709580134,426066.86709580134,0.0,0,True,False
2022-09-15,426396.6663127435,426396.6663127435,0.0,0,True,False
2022-09-16,426396.6663127435,426396.6663127435,0.0,0,True,False
2022-09-19,427042.8964620989,373967.97186149773,53074.924600601196,2,True,False
2022-09-20,427543.0552027926,351484.6927855715,76058.36241722107,4,True,False
2022-09-21,428112.5978425398,415032.94299634837,13079.654846191406,1,True,False
2022-09-22,429154.0160337729,360492.1866651816,68661.82936859131,3,True,False
2022-09-23,427964.57792754495,427964.57792754495,0.0,0,True,False
2022-09-26,424116.69269275013,281542.77933215443,142573.9133605957,3,True,False
2022-09-27,425067.44547646475,270031.65542977286,155035.7900466919,5,True,False
2022-09-28,423374.0613381225,271793.31593101803,151580.7454071045,5,False,False
2022-09-29,425041.56908085686,286582.2835965429,138459.28548431396,4,False,False
2022-09-30,427449.7673003388,420550.8195464325,6898.94775390625,1,True,False
2022-10-03,424752.84014833695,396388.7468866182,28364.09326171875,1,False,False
2022-10-04,425475.12530458695,396388.7468866182,29086.37841796875,1,True,False
2022-10-06,425900.0523065401,396388.7468866182,29511.305419921875,1,True,False
2022-10-07,425833.5740350557,396388.7468866182,29444.8271484375,1,True,False
2022-10-10,425467.6189808615,425467.6189808615,0.0,0,True,False
2022-10-11,425467.6189808615,425467.6189808615,0.0,0,False,False
2022-10-12,425467.6189808615,425467.6189808615,0.0,0,True,False
2022-10-13,424297.3022162013,392954.6283880763,31342.673828125,1,True,False
2022-10-14,422595.1765785257,338839.3654212991,83755.81115722656,3,True,False
2022-10-17,423865.4350863719,356344.50069916487,67520.93438720703,2,True,False
2022-10-18,424288.0390623781,392640.0292967531,31648.009765625,1,True,False
2022-10-19,424792.7923724568,424792.7923724568,0.0,0,True,False
2022-10-20,424792.7923724568,424792.7923724568,0.0,0,True,False
2022-10-21,424792.7923724568,424792.7923724568,0.0,0,True,False
2022-10-24,425071.1850145351,425071.1850145351,0.0,0,True,False
2022-10-25,425071.1850145351,425071.1850145351,0.0,0,True,False
2022-10-27,425071.1850145351,425071.1850145351,0.0,0,True,False
2022-10-28,425071.1850145351,425071.1850145351,0.0,0,True,False
2022-10-31,425071.1850145351,425071.1850145351,0.0,0,True,False
2022-11-01,425266.9808261215,411160.30583069916,14106.674995422365,1,True,False
2022-11-02,425285.94874668866,396987.77803135663,28298.17071533203,2,True,False
2022-11-03,425635.09023191436,425635.09023191436,0.0,0,True,False
2022-11-04,425727.9212370869,397861.1801482197,27866.741088867188,1,True,False
2022-11-07,425669.7081672176,425669.7081672176,0.0,0,True,False
2022-11-09,426717.1346768461,426717.1346768461,0.0,0,True,False
2022-11-10,426300.2829164925,394584.39290184405,31715.890014648438,1,True,False
2022-11-11,427269.4544511092,427269.4544511092,0.0,0,True,False
2022-11-14,427269.4544511092,427269.4544511092,0.0,0,True,False
2022-11-15,427269.4544511092,427269.4544511092,0.0,0,True,False
2022-11-16,427835.2810823983,409734.96475244226,18100.316329956055,1,True,False
2022-11-17,427783.5048205663,412348.9559924413,15434.548828125,1,True,False
2022-11-18,426329.47482400277,286023.87861733773,140305.59620666504,2,True,False
2022-11-21,424596.5469961997,242600.7276526328,181995.8193435669,3,True,False
2022-11-22,423486.67726749607,292697.26881260105,130789.40845489502,3,True,False
2022-11-23,426676.0906900015,332498.73195587064,94177.35873413086,2,True,False
2022-11-24,426571.9435134643,426571.9435134643,0.0,0,True,False
2022-11-25,426571.9435134643,426571.9435134643,0.0,0,True,False
2022-11-28,426571.9435134643,426571.9435134643,0.0,0,True,False
2022-11-29,426389.5265123501,409615.67189809226,16773.854614257812,1,True,False
2022-11-30,426846.0043896319,426846.0043896319,0.0,0,True,False
2022-12-01,427073.6720698705,409186.6167262426,17887.05534362793,1,True,False
2022-12-02,427102.4056514135,409186.6167262426,17915.7889251709,1,True,False
2022-12-05,426831.44154293626,426831.44154293626,0.0,0,True,False
2022-12-06,426831.44154293626,426831.44154293626,0.0,0,True,False
2022-12-07,426831.44154293626,426831.44154293626,0.0,0,True,False
2022-12-08,426919.6359864912,412379.4592286787,14540.176757812496,1,True,False
2022-12-09,426801.85783889896,426801.85783889896,0.0,0,True,False
2022-12-12,427624.71631730883,427624.71631730883,0.0,0,True,False
2022-12-13,427181.5406597511,350942.59986385267,76238.94079589844,1,True,False
2022-12-14,426543.99210958707,260673.86491232144,165870.12719726562,3,True,False
2022-12-15,425657.37675314175,260673.86491232144,164983.5118408203,3,True,False
2022-12-16,422563.329008018,231179.15322676802,191384.17578125,4,True,False
2022-12-19,424126.37437852734,267910.13118394726,156216.24319458008,4,True,False
2022-12-20,423096.3336820423,316002.45135782356,107093.88232421875,2,True,False
2022-12-21,419184.33148948016,331596.09296408953,87588.23852539061,2,True,False
2022-12-22,414498.7707922389,287254.52244591014,127244.24834632874,5,True,False
2022-12-23,409335.9307850327,276433.5599735703,132902.3708114624,5,True,False
2022-12-26,411540.62678569095,385870.7465595557,25669.880226135254,1,True,False
2022-12-27,411279.5760808188,411279.5760808188,0.0,0,True,False
2022-12-28,411445.4674632235,372032.1471507235,39413.3203125,1,True,False
2022-12-29,411524.6649095427,411524.6649095427,0.0,0,True,False
2022-12-30,411524.6649095427,411524.6649095427,0.0,0,True,False
2023-01-02,411524.6649095427,411524.6649095427,0.0,0,True,False
2023-01-03,411524.6649095427,411524.6649095427,0.0,0,True,False
2023-01-04,411524.6649095427,411524.6649095427,0.0,0,True,False
2023-01-05,411524.6649095427,411524.6649095427,0.0,0,True,False
2023-01-06,411524.6649095427,411524.6649095427,0.0,0,True,False
2023-01-09,411878.81608551077,385592.7936016851,26286.022483825684,2,True,False
2023-01-10,411283.0783255484,382561.3400442984,28721.73828125,1,True,False
2023-01-11,412010.5542897274,381716.2104023983,30294.3438873291,3,True,False
2023-01-12,411744.28312266176,411744.28312266176,0.0,0,True,False
2023-01-13,412025.03219441744,383282.37195615144,28742.660238266,2,True,False
2023-01-16,412253.03126454214,389286.5926220403,22966.438642501835,2,True,False
2023-01-17,412577.74870164413,339613.3683305504,72964.38037109375,2,True,False
2023-01-18,413411.6213689236,343472.8930821804,69938.72828674316,2,True,False
2023-01-19,411706.730789361,338627.52994936466,73079.20083999634,2,True,False
2023-01-20,413266.06642590277,376136.5017744135,37129.56465148926,1,True,False
2023-01-23,413363.4118306621,395143.10125326953,18220.310577392578,1,True,False
2023-01-24,412292.13765084435,412292.13765084435,0.0,0,True,False
2023-01-25,411557.6808576515,285741.1329584053,125816.54789924622,4,True,False
2023-01-27,402397.16329571133,276343.5640144003,126053.59928131104,4,True,False
2023-01-30,399395.7036901589,284994.4312139626,114401.27247619629,4,True,False
2023-01-31,403002.13192088064,366595.0397883123,36407.09213256836,2,True,False
2023-02-01,402362.0847008399,402362.0847008399,0.0,0,True,False
2023-02-02,402362.0847008399,402362.0847008399,0.0,0,True,False
2023-02-03,402362.0847008399,402362.0847008399,0.0,0,True,False
2023-02-06,402362.0847008399,402362.0847008399,0.0,0,True,False
2023-02-07,402362.0847008399,402362.0847008399,0.0,0,True,False
2023-02-08,402362.0847008399,402362.0847008399,0.0,0,True,False
2023-02-09,402362.0847008399,402362.0847008399,0.0,0,True,False
2023-02-10,402362.0847008399,402362.0847008399,0.0,0,True,False
2023-02-13,402362.0847008399,402362.0847008399,0.0,0,True,False
2023-02-14,402362.0847008399,402362.0847008399,0.0,0,True,False
2023-02-15,402914.71622489335,385076.2040178621,17838.51220703125,1,True,False
2023-02-16,403421.1164542223,403421.1164542223,0.0,0,True,False
2023-02-17,403421.1164542223,403421.1164542223,0.0,0,True,False
2023-02-20,402054.2194143983,334907.7194143983,67146.5,1,True,False
2023-02-21,402801.2428518983,334907.7194143983,67893.5234375,1,True,False
2023-02-22,402517.0631643983,334907.7194143983,67609.34375,1,True,False
2023-02-23,402019.5397268983,334907.7194143983,67111.8203125,1,True,False
2023-02-24,401884.6022268983,334907.7194143983,66976.8828125,1,True,False
2023-02-27,401065.9694143983,334907.7194143983,66158.25,1,True,False
2023-02-28,402648.04332544195,402648.04332544195,0.0,0,False,False
2023-03-01,402302.9908746085,368741.2724603019,33561.71841430664,2,True,False
2023-03-02,402134.3720254121,377879.1621865449,24255.209838867188,1,False,False
2023-03-03,401978.4291118008,357396.11975511134,44582.30935668945,2,True,False
2023-03-06,402699.1517480166,382223.1137536318,20476.037994384766,1,True,False
2023-03-08,402791.30886114994,402791.30886114994,0.0,0,True,False
2023-03-09,402791.30886114994,402791.30886114994,0.0,0,True,False
2023-03-10,402791.30886114994,402791.30886114994,0.0,0,False,False
2023-03-13,402047.05042943737,380023.370406244,22023.68002319336,2,False,False
2023-03-14,401386.78998256417,305290.911015279,96095.87896728516,5,False,False
2023-03-15,402953.9043823173,352913.99962767866,50039.90475463867,3,False,False
2023-03-16,402164.3460579818,338684.57097253256,63479.77508544922,4,False,False
2023-03-17,402758.18674937333,356284.3242386922,46473.86251068115,3,False,False
2023-03-20,401873.8724412068,356284.3242386922,45589.54820251465,3,False,False
2023-03-21,402075.91334472294,371372.21631560917,30703.69702911377,2,False,False
2023-03-22,402213.79069132614,381328.44653696823,20885.344154357914,1,False,False
2023-03-23,401976.61124033737,381328.44653696823,20648.16470336914,1,False,False
2023-03-24,401407.38206095505,381328.44653696823,20078.935523986816,1,False,False
2023-03-27,401509.0293235283,381328.44653696823,20180.58278656006,1,False,False
2023-03-28,401210.864520977,381328.44653696823,19882.417984008785,1,False,False
2023-03-29,401524.29995667323,366338.63027893886,35185.669677734375,2,False,False
2023-03-31,402513.5017855609,402513.5017855609,0.0,0,False,False
2023-04-03,402513.5017855609,402513.5017855609,0.0,0,False,False
2023-04-05,402513.5017855609,402513.5017855609,0.0,0,True,False
2023-04-06,402513.5017855609,402513.5017855609,0.0,0,True,False
2023-04-10,402513.5017855609,402513.5017855609,0.0,0,True,False
2023-04-11,402513.5017855609,402513.5017855609,0.0,0,True,False
2023-04-12,402513.5017855609,402513.5017855609,0.0,0,True,False
2023-04-13,402513.5017855609,402513.5017855609,0.0,0,True,False
2023-04-17,402513.5017855609,402513.5017855609,0.0,0,True,False
2023-04-18,401810.52581873565,370843.66742029815,30966.8583984375,1,True,False
2023-04-19,402115.4385384622,370843.66742029815,31271.771118164062,1,True,False
2023-04-20,402390.9790104429,386750.01007733744,15640.968933105469,1,True,False
2023-04-21,402408.61281953834,402408.61281953834,0.0,0,True,False
2023-04-24,402942.2193923166,367090.7301345041,35851.4892578125,1,True,False
2023-04-25,401830.54371477774,334778.24430681876,67052.29940795898,2,True,False
2023-04-26,402354.1363295887,361553.9085006092,40800.22782897949,2,True,False
2023-04-27,401661.13410162955,328795.8042676452,72865.32983398438,1,True,False
2023-04-28,402612.1709668639,328795.8042676452,73816.36669921875,1,True,False
2023-05-02,402778.2755089149,402778.2755089149,0.0,0,True,False
2023-05-03,402828.9503115798,384872.34185210714,17956.608459472656,1,True,False
2023-05-04,402758.41500516905,402758.41500516905,0.0,0,True,False
2023-05-05,402758.41500516905,402758.41500516905,0.0,0,True,False
2023-05-08,403429.7087117482,403429.7087117482,0.0,0,True,False
2023-05-09,403730.23510479054,392318.09447979054,11412.140625,1,True,False
2023-05-10,402561.65347370494,312373.5567291676,90188.09674453735,4,True,False
2023-05-11,403045.6939307167,327507.10688123247,75538.58704948425,4,True,False
2023-05-12,403116.5924177274,355847.711632739,47268.8807849884,2,True,False
2023-05-15,402581.4818522025,372244.9034449149,30336.578407287598,1,True,False
2023-05-16,403672.81991681544,403672.81991681544,0.0,0,True,False
2023-05-17,403672.81991681544,403672.81991681544,0.0,0,True,False
2023-05-18,402890.01262668427,381858.34774020966,21031.66488647461,1,True,False
2023-05-19,403579.61948584585,335832.079690924,67747.53979492188,2,True,False
2023-05-22,402957.31139121676,298302.64904533053,104654.66234588623,3,True,False
2023-05-23,403387.14724105544,324197.2808203096,79189.86642074585,2,True,False
2023-05-24,403240.03038869344,267188.0178574129,136052.01253128052,4,True,False
2023-05-25,402750.25725772086,304387.9304602355,98362.32679748535,3,True,False
2023-05-26,403997.430627223,403997.430627223,0.0,0,True,False
2023-05-29,403997.430627223,403997.430627223,0.0,0,True,False
2023-05-30,403572.7777703245,364602.0285637815,38970.74920654297,1,True,False
2023-05-31,403988.77935723856,364602.0285637815,39386.75079345703,1,True,False
2023-06-01,404154.559654928,355620.80996010377,48533.74969482422,2,True,False
2023-06-02,404663.19773918705,404663.19773918705,0.0,0,True,False
2023-06-05,404663.19773918705,404663.19773918705,0.0,0,True,False
2023-06-06,404663.19773918705,404663.19773918705,0.0,0,True,False
2023-06-07,404663.19773918705,404663.19773918705,0.0,0,True,False
2023-06-08,404648.6510116217,388792.73731533263,15855.913696289062,1,True,False
2023-06-09,404709.3425655869,385789.7154903916,18919.627075195312,1,True,False
2023-06-12,404826.37030098884,386515.0830085084,18311.28729248047,1,True,False
2023-06-13,405331.3075517196,405331.3075517196,0.0,0,True,False
2023-06-14,405331.3075517196,405331.3075517196,0.0,0,True,False
2023-06-15,405678.95992400224,390096.3787472444,15582.581176757812,1,True,False
2023-06-16,405426.98758058815,352828.6922925022,52598.29528808594,2,True,False
2023-06-19,403943.41023948725,273686.8892433935,130256.52099609375,2,True,False
2023-06-20,406305.88316045655,286963.1419190015,119342.74124145508,2,True,False
2023-06-21,407030.4086329541,359680.58099623537,47349.82763671875,1,True,False
2023-06-22,406889.4174783239,406889.4174783239,0.0,0,True,False
2023-06-23,406889.4174783239,406889.4174783239,0.0,0,True,False
2023-06-26,407868.9542927181,388206.6919636165,19662.262329101562,1,True,False
2023-06-27,407169.63359482505,348581.155445411,58588.47814941406,3,True,False
2023-06-28,405472.73749606183,241171.0918966966,164301.64559936523,4,True,False
2023-06-30,404398.0047694148,271711.6252833308,132686.37948608398,3,True,False
2023-07-03,402218.27847766574,254907.36681079562,147310.91166687012,4,True,False
2023-07-04,400610.66920970025,319271.20772288385,81339.4614868164,2,True,False
2023-07-05,401306.3477788632,401306.3477788632,0.0,0,True,False
2023-07-06,401306.3477788632,401306.3477788632,0.0,0,True,False
2023-07-07,401306.3477788632,401306.3477788632,0.0,0,True,False
2023-07-10,401306.3477788632,401306.3477788632,0.0,0,True,False
2023-07-11,401994.558281879,364731.4540338321,37263.104248046875,2,True,False
2023-07-12,401346.5422170348,363239.9601857848,38106.58203125,1,True,False
2023-07-13,400888.2804982848,363239.9601857848,37648.3203125,1,True,False
2023-07-14,400412.3937795348,363239.9601857848,37172.43359375,1,True,False
2023-07-17,400811.9015920348,363239.9601857848,37571.94140625,1,True,False
2023-07-18,400465.2609670348,363239.9601857848,37225.30078125,1,True,False
2023-07-19,400726.40792097076,400726.40792097076,0.0,0,True,False
2023-07-20,400925.49483788206,382286.15316307737,18639.341674804688,1,True,False
2023-07-21,400720.983255973,400720.983255973,0.0,0,True,False
2023-07-24,399436.8765999353,381625.228040365,17811.648559570312,1,True,False
2023-07-25,397833.22791829467,381625.228040365,16207.999877929688,1,True,False
2023-07-26,398451.8032847476,328243.08709822415,70208.71618652344,3,True,False
2023-07-27,397427.3771341512,331888.12551671953,65539.25161743164,3,True,False
2023-07-28,402475.0369720898,387738.21614079096,14736.820831298828,1,True,False
2023-07-31,402748.1900355679,388088.6147181851,14659.575317382812,1,True,False
2023-08-01,403334.0089078447,403334.0089078447,0.0,0,True,False
2023-08-02,403334.0089078447,403334.0089078447,0.0,0,True,False
2023-08-03,403411.056266926,360353.02465071506,43058.03161621094,2,True,False
2023-08-04,403010.6490556223,360353.02465071506,42657.62440490723,2,True,False
2023-08-07,403959.631227911,379114.0702537899,24845.560974121094,1,True,False
2023-08-08,403599.53387683677,379114.0702537899,24485.463623046875,1,True,False
2023-08-09,403489.43915703235,369604.11799004016,33885.32116699219,2,True,False
2023-08-10,402433.69335991575,358728.7286992712,43704.96466064453,2,True,False
2023-08-11,400305.46751940565,323549.2308250697,76756.23669433594,3,True,False
2023-08-14,402234.599946395,336512.12909068214,65722.47085571289,2,True,False
2023-08-16,405148.22540248383,327952.6371456479,77195.58825683594,2,True,False
2023-08-17,404879.8560510573,359634.9586931166,45244.897357940674,2,True,False
2023-08-18,404229.7520796749,309910.59160680504,94319.16047286987,4,True,False
2023-08-21,405567.93286271853,294005.81801744265,111562.11484527588,4,True,False
2023-08-22,406899.7035959115,365478.9968088021,41420.706787109375,1,True,False
2023-08-23,406815.3405994077,342965.4770129819,63849.86358642578,2,True,False
2023-08-24,405832.91371081246,321125.8660423554,84707.04766845703,2,True,False
2023-08-25,404857.3543285057,285275.97578846663,119581.37854003906,3,True,False
2023-08-28,407224.1248539057,363647.31717568304,43576.807678222656,1,True,False
2023-08-29,407356.00572699105,308399.4618732313,98956.54385375977,3,True,False
2023-08-30,408350.75732932537,395970.0716298625,12380.68569946289,1,True,False
2023-08-31,409706.7015159329,398264.5246055325,11442.17691040039,1,True,False
2023-09-01,409911.62290357583,409911.62290357583,0.0,0,True,False
2023-09-04,411671.5548068389,411671.5548068389,0.0,0,True,False
2023-09-05,412095.1687901626,412095.1687901626,0.0,0,True,False
2023-09-06,412095.1687901626,412095.1687901626,0.0,0,True,False
2023-09-07,412115.57230944675,397692.41898913425,14423.1533203125,1,True,False
2023-09-08,412102.99510894925,412102.99510894925,0.0,0,True,False
2023-09-11,412605.10067212535,412605.10067212535,0.0,0,True,False
2023-09-12,409729.40741624706,334970.6193913447,74758.78802490234,3,True,False
2023-09-13,409374.131958034,305594.1366749072,103779.99528312683,4,True,False
2023-09-14,411799.5687074826,357035.5517091916,54764.016998291016,2,True,False
2023-09-15,412732.57879522396,384549.1808460052,28183.39794921875,1,True,False
2023-09-18,412911.18473218207,366916.9398591352,45994.244873046875,2,True,False
2023-09-20,413058.7730543516,384535.7486402891,28523.0244140625,1,True,False
2023-09-21,411846.92884357844,304883.90861042414,106963.0202331543,4,True,False
2023-09-22,412071.3259724181,293644.22299085074,118427.10298156738,5,True,False
2023-09-25,413264.628923301,413264.628923301,0.0,0,True,False
2023-09-26,414536.16335058113,355375.75133275887,59160.412017822266,3,True,False
2023-09-27,415366.0752046312,382143.2526948656,33222.822509765625,1,True,False
2023-09-28,415389.6092012132,382143.2526948656,33246.356506347656,1,True,False
2023-09-29,417574.57060797815,417574.57060797815,0.0,0,True,False
2023-10-03,417720.4146218641,417720.4146218641,0.0,0,True,False
2023-10-04,416691.6478170134,396130.4974063612,20561.15041065216,1,True,False
2023-10-05,417453.19988398673,383983.3514752877,33469.848408699036,2,True,False
2023-10-06,416310.4221004469,363878.25337924785,52432.168721199036,2,True,False
2023-10-09,414874.10325279064,363878.25337924785,50995.849873542786,2,True,False
2023-10-10,417276.0681714768,354545.38366696786,62730.68450450897,4,True,False
2023-10-11,418475.0567011669,375787.8196940258,42687.23700714111,3,True,False
2023-10-12,418296.4827380016,375787.8196940258,42508.66304397583,3,True,False
2023-10-13,420060.28889690817,406483.6139396328,13576.67495727539,1,True,False
2023-10-16,420316.2884738003,420316.2884738003,0.0,0,True,False
2023-10-17,420886.5536390173,409006.94109018915,11879.612548828125,1,True,False
2023-10-18,420913.6080415777,408958.2821138433,11955.325927734375,1,True,False
2023-10-19,421475.8158743942,384635.48058539274,36840.335289001465,2,True,False
2023-10-20,420957.22600212396,409117.316601184,11839.909400939941,1,True,False
2023-10-23,412848.23620765837,303667.8455445114,109180.39066314697,4,True,False
2023-10-25,413041.21525599546,332850.985183974,80190.23007202148,4,True,False
2023-10-26,412640.5913508643,331376.1370433082,81264.45430755615,4,True,False
2023-10-27,415476.3795881149,386601.3618879196,28875.017700195312,2,True,False
2023-10-30,415398.38141701336,415398.38141701336,0.0,0,True,False
2023-10-31,415398.38141701336,415398.38141701336,0.0,0,True,False
2023-11-01,415398.38141701336,415398.38141701336,0.0,0,True,False
2023-11-02,415398.38141701336,415398.38141701336,0.0,0,True,False
2023-11-03,415366.1787476664,406136.3731446391,9229.805603027344,1,True,False
2023-11-06,415342.439524648,415342.439524648,0.0,0,True,False
2023-11-07,415342.439524648,415342.439524648,0.0,0,True,False
2023-11-08,415342.439524648,415342.439524648,0.0,0,True,False
2023-11-09,415342.439524648,415342.439524648,0.0,0,True,False
2023-11-10,415342.439524648,415342.439524648,0.0,0,True,False
2023-11-13,415342.439524648,415342.439524648,0.0,0,True,False
2023-11-15,415342.439524648,415342.439524648,0.0,0,True,False
2023-11-16,415342.439524648,415342.439524648,0.0,0,True,False
2023-11-17,415410.52115131833,401900.53607441403,13509.985076904297,1,True,False
2023-11-20,415310.17140499764,415310.17140499764,0.0,0,True,False
2023-11-21,415310.17140499764,415310.17140499764,0.0,0,True,False
2023-11-22,415310.17140499764,415310.17140499764,0.0,0,True,False
2023-11-23,415683.7448190368,351274.55026661523,64409.19455242157,4,True,False
2023-11-24,415504.5877846309,373661.9238060542,41842.66397857666,2,True,False
2023-11-28,416749.28427127644,401340.52896121785,15408.755310058594,1,True,False
2023-11-29,416973.79459505714,416973.79459505714,0.0,0,True,False
2023-11-30,417049.6036040578,400166.55708000995,16883.04652404785,1,True,False
2023-12-01,416939.42803137045,370948.8796838973,45990.548347473145,2,True,False
2023-12-04,417255.85608590936,411234.38831247186,6021.4677734375,1,True,False
2023-12-05,416863.4036006035,399084.8000849785,17778.603515625,1,True,False
2023-12-06,418252.80703465943,418252.80703465943,0.0,0,True,False
2023-12-07,418252.80703465943,418252.80703465943,0.0,0,True,False
2023-12-08,417931.27553986484,401034.3432278531,16896.93231201172,1,True,False
2023-12-11,417567.1006162352,363744.4167783446,53822.683837890625,2,True,False
2023-12-12,418013.0669516395,382986.4212912391,35026.64566040039,2,True,False
2023-12-13,418250.75928850786,370682.1862599434,47568.57302856445,3,True,False
2023-12-14,418581.3544007796,404635.0205384749,13946.333862304688,1,True,False
2023-12-15,418054.07792485727,399826.8605176307,18227.217407226562,1,True,False
2023-12-18,417374.7315492985,382568.30991843913,34806.421630859375,1,True,False
2023-12-19,417845.10715965007,382568.30991843913,35276.79724121094,1,True,False
2023-12-20,417297.8746027943,383265.8977503773,34031.97685241699,2,True,False
2023-12-21,420073.64181427954,353542.6124182224,66531.02939605713,5,True,False
2023-12-22,420766.2096824022,391651.48373025376,29114.725952148438,2,True,False
2023-12-26,421573.30111449066,421573.30111449066,0.0,0,True,False
2023-12-27,421573.30111449066,421573.30111449066,0.0,0,True,False
2023-12-28,421573.30111449066,421573.30111449066,0.0,0,True,False
2023-12-29,421619.0475563774,390138.86670920945,31480.18084716797,1,True,False
2024-01-01,421361.816538311,390138.86670920945,31222.949829101562,1,True,False
2024-01-02,420805.5010288102,377233.97197607585,43571.529052734375,1,True,False
2024-01-03,420064.25556635007,354733.8974120532,65330.358154296875,2,True,False
2024-01-04,420438.1912352954,354733.8974120532,65704.29382324219,2,True,False
2024-01-05,421867.51185802114,399773.2516041149,22094.26025390625,1,True,False
2024-01-08,421464.4967213024,399773.2516041149,21691.2451171875,1,True,False
2024-01-09,421479.85654867475,385100.61545980757,36379.24108886719,2,True,False
2024-01-10,424586.7677072721,394204.77014867833,30381.99755859375,2,True,False
2024-01-11,424158.8107830932,360158.8609845092,63999.949798583984,3,True,False
2024-01-12,424371.95898568037,358287.5487989128,66084.41018676758,2,True,False
2024-01-15,425388.2198400102,407096.3950872026,18291.824752807617,1,True,False
2024-01-16,425610.2346441925,383371.5285742462,42238.70606994629,2,True,False
2024-01-17,423608.3118017935,306414.9839972281,117193.32780456543,5,True,False
2024-01-18,423823.50547839265,336246.27933550935,87577.2261428833,4,True,False
2024-01-19,425246.53113708325,385665.5472503645,39580.98388671875,1,True,False
2024-01-23,422881.4521523081,339923.6304321848,82957.82172012329,3,True,False
2024-01-24,423570.96925567335,347607.9222032899,75963.04705238342,4,True,False
2024-01-25,423314.17211495584,411796.53832589334,11517.6337890625,1,True,False
2024-01-29,423025.84225271514,411745.9666423636,11279.875610351562,1,True,False
2024-01-30,423146.2176504048,423146.2176504048,0.0,0,True,False
2024-01-31,423146.2176504048,423146.2176504048,0.0,0,True,False
2024-02-01,423146.2176504048,423146.2176504048,0.0,0,True,False
2024-02-02,423146.2176504048,423146.2176504048,0.0,0,True,False
2024-02-05,421773.8413969168,369622.28933965054,52151.55205726624,2,True,False
2024-02-06,420709.3534151205,369622.28933965054,51087.06407546997,2,True,False
2024-02-07,421717.6153341421,369622.28933965054,52095.32599449158,2,True,False
2024-02-08,422207.5882325332,396929.319799916,25278.26843261719,1,True,False
2024-02-09,421859.8602662246,396929.319799916,24930.540466308594,1,True,False
2024-02-12,412153.2183192748,309669.7746089476,102483.44371032715,5,True,False
2024-02-13,413807.60202705883,338315.9173804524,75491.68464660645,4,True,False
2024-02-14,416028.9195249656,339181.81199627905,76847.10752868652,4,True,False
2024-02-15,418087.3177280503,410175.7178440171,7911.599884033203,1,True,False
2024-02-16,418377.5745230521,409953.3247595633,8424.249763488768,1,True,False
2024-02-19,418106.3245230521,409953.3247595633,8152.999763488769,1,True,False
2024-02-20,417980.92446345126,417980.92446345126,0.0,0,True,False
2024-02-21,417980.92446345126,417980.92446345126,0.0,0,True,False
2024-02-22,418909.0822758466,367243.4338688642,51665.64840698242,3,True,False
2024-02-23,418543.67498112476,397535.9726495818,21007.70233154297,1,True,False
2024-02-26,418716.891757735,395194.02460838197,23522.867149353027,2,True,False
2024-02-27,418133.71914251265,403741.03277166304,14392.68637084961,1,True,False
2024-02-28,417405.3408945631,387050.6905821394,30354.650312423706,3,True,False
2024-02-29,416864.8689725072,347122.49918338365,69742.36978912354,5,True,False
2024-03-01,417523.3554172286,361488.8845996627,56034.47081756592,5,True,False
2024-03-04,417558.7413307541,417558.7413307541,0.0,0,True,False
2024-03-05,417782.02169728145,389765.41816639766,28016.60353088379,2,True,False
2024-03-06,415237.6889479593,355939.79641561065,59297.89253234863,3,True,False
2024-03-07,416243.0015275063,337967.9158036293,78275.08572387695,4,True,False
2024-03-11,414260.96018872806,364787.21063123294,49473.74955749512,3,True,False
2024-03-12,407229.22342478996,312382.8409785009,94846.38244628906,4,True,False
2024-03-13,401154.2337599511,332650.8092451806,68503.42451477051,4,True,False
2024-03-14,404058.06916573265,310512.36732247093,93545.70184326172,5,True,False
2024-03-15,401003.51216166775,340703.197327073,60300.31483459473,3,True,False
2024-03-18,402435.43559661764,334060.60422149557,68374.83137512207,4,True,False
2024-03-19,401250.13512428006,313225.82375343045,88024.31137084961,5,True,False
2024-03-20,399843.4251480914,338787.1649857379,61056.260162353516,3,True,False
2024-03-21,403204.04214965686,385864.12613403186,17339.916015625,1,True,False
2024-03-22,402337.08804809436,385864.12613403186,16472.9619140625,1,True,False
2024-03-26,401513.5130969225,385864.12613403186,15649.386962890625,1,True,False
2024-03-27,402295.9134875475,385864.12613403186,16431.787353515625,1,True,False
2024-03-28,402865.7935389012,402865.7935389012,0.0,0,True,False
2024-04-01,402865.7935389012,402865.7935389012,0.0,0,True,False
2024-04-02,402865.7935389012,402865.7935389012,0.0,0,True,False
2024-04-03,402865.7935389012,402865.7935389012,0.0,0,True,False
2024-04-04,402865.7935389012,402865.7935389012,0.0,0,True,False
2024-04-05,402865.7935389012,402865.7935389012,0.0,0,True,False
2024-04-08,402865.7935389012,402865.7935389012,0.0,0,True,False
2024-04-09,402337.09459809493,379701.86901215743,22635.2255859375,1,True,False
2024-04-10,402395.1890081299,364938.4653753174,37456.7236328125,1,True,False
2024-04-12,401826.6367620361,364938.4653753174,36888.17138671875,1,True,False
2024-04-15,401501.7469127429,342068.1254108203,59433.62150192261,3,True,False
2024-04-16,401417.82997993025,279388.5408563951,122029.28912353516,5,True,False
2024-04-18,400798.06346137874,341132.38426216,59665.67919921875,2,True,False
2024-04-19,400358.72447154706,287244.7495569963,113113.97491455078,4,True,False
2024-04-22,400975.76394056017,309917.36037610704,91058.40356445312,3,True,False
2024-04-23,401819.78186000907,296903.4651485833,104916.31671142578,2,True,False
2024-04-24,401812.39456786675,345515.13675536675,56297.2578125,1,True,False
2024-04-25,401896.38675536675,345515.13675536675,56381.25,1,True,False
2024-04-26,401318.36284451786,322109.36287503544,79208.99996948242,2,True,False
2024-04-29,402143.562005673,379438.1959473234,22705.36605834961,1,True,False
2024-04-30,401630.4273926359,379438.1959473234,22192.2314453125,1,True,False
2024-05-02,401327.6461731535,379438.1959473234,21889.450225830078,1,True,False
2024-05-03,401573.05846563395,379438.1959473234,22134.862518310547,1,True,False
2024-05-06,400055.3148050527,314452.7143240194,85602.60048103333,3,True,False
2024-05-07,396146.1471309657,246658.94170379592,149487.2054271698,5,True,False
2024-05-08,398822.9682847096,345348.46920023696,53474.499084472656,2,True,False
2024-05-09,394228.2495135036,254262.2158526149,139966.03366088867,5,True,False
2024-05-10,394535.92365061905,254262.2158526149,140273.70779800415,5,True,False
2024-05-13,395228.3485109025,275734.1205922776,119494.22791862488,4,True,False
2024-05-14,398451.1224835849,386613.62687811616,11837.49560546875,1,True,False
2024-05-15,398977.4092429123,398977.4092429123,0.0,0,True,False
2024-05-16,398977.4092429123,398977.4092429123,0.0,0,True,False
2024-05-17,398977.4092429123,398977.4092429123,0.0,0,True,False
2024-05-21,398977.4092429123,398977.4092429123,0.0,0,True,False
2024-05-22,398977.4092429123,398977.4092429123,0.0,0,True,False
2024-05-23,398977.4092429123,398977.4092429123,0.0,0,True,False
2024-05-24,398977.4092429123,398977.4092429123,0.0,0,True,False
2024-05-27,398977.4092429123,398977.4092429123,0.0,0,True,False
2024-05-28,398053.6146649143,354380.495402219,43673.11926269531,1,True,False
2024-05-29,398164.13053405494,354380.495402219,43783.63513183594,1,True,False
2024-05-30,395756.0802688637,232513.4451065102,163242.63516235352,5,True,False
2024-05-31,397398.86071780673,353767.4171142911,43631.443603515625,1,True,False
2024-06-03,398021.5212385609,398021.5212385609,0.0,0,True,False
2024-06-04,398021.5212385609,398021.5212385609,0.0,0,True,False
2024-06-05,398202.7864207418,387666.01444808557,10536.77197265625,1,True,False
2024-06-06,398488.6013612673,398488.6013612673,0.0,0,True,False
2024-06-07,398488.6013612673,398488.6013612673,0.0,0,True,False
2024-06-10,398488.6013612673,398488.6013612673,0.0,0,True,False
2024-06-11,398488.6013612673,398488.6013612673,0.0,0,True,False
2024-06-12,398488.6013612673,398488.6013612673,0.0,0,True,False
2024-06-13,398488.6013612673,398488.6013612673,0.0,0,True,False
2024-06-14,398488.6013612673,398488.6013612673,0.0,0,True,False
2024-06-18,398488.6013612673,398488.6013612673,0.0,0,True,False
2024-06-19,398488.6013612673,398488.6013612673,0.0,0,True,False
2024-06-20,398703.4444587183,387279.14245676517,11424.302001953125,1,True,False
2024-06-21,399045.26093554933,372791.34461474855,26253.91632080078,2,True,False
2024-06-24,399043.08380912105,364949.0900041894,34093.99380493164,3,True,False
2024-06-25,399773.3303175871,355233.8730421965,44539.457275390625,3,True,False
2024-06-26,399535.1104853594,384449.08753614064,15086.02294921875,1,True,False
2024-06-27,400191.1755177359,387115.26960342925,13075.905914306642,1,True,False
2024-06-28,401189.0535730328,357512.05238284724,43677.00119018555,3,True,False
2024-07-01,401761.03042557015,401761.03042557015,0.0,0,True,False
2024-07-02,402254.93055596965,384840.6388079228,17414.291748046875,1,True,False
2024-07-03,402278.6888904092,384830.22355837794,17448.46533203125,1,True,False
2024-07-04,402302.2717106254,402302.2717106254,0.0,0,True,False
2024-07-05,402302.2717106254,402302.2717106254,0.0,0,True,False
2024-07-08,402302.2717106254,402302.2717106254,0.0,0,True,False
2024-07-09,403081.7725095124,392761.35429662175,10320.418212890625,1,True,False
2024-07-10,401852.3953083222,375907.6644428437,25944.730865478516,1,True,False
2024-07-11,401337.9775949313,302536.1851754977,98801.7924194336,5,True,False
2024-07-12,401071.7506430797,317913.1805747203,83158.57006835938,4,True,False
2024-07-15,403065.71999547747,339317.129968622,63748.59002685547,3,True,False
2024-07-16,403437.0835387811,333102.3872497186,70334.6962890625,3,True,False
2024-07-18,402958.12567211315,348854.9769904725,54103.148681640625,3,True,False
2024-07-19,401274.42931978876,342528.3451217907,58746.08419799805,3,True,False
2024-07-22,402761.85321983753,337539.49396690784,65222.35925292969,4,True,False
2024-07-23,404766.3193475134,388118.65992368525,16647.659423828125,1,True,False
2024-07-24,405804.4552160092,374935.9591222592,30868.49609375,2,True,False
2024-07-25,404079.7351786928,366691.56574509904,37388.16943359375,2,True,False
2024-07-26,404912.7032798084,380216.88119728887,24695.82208251953,2,True,False
2024-07-29,405782.6961118203,405782.6961118203,0.0,0,True,False
2024-07-30,405782.6961118203,405782.6961118203,0.0,0,True,False
2024-07-31,405782.6961118203,405782.6961118203,0.0,0,True,False
2024-08-01,405782.6961118203,405782.6961118203,0.0,0,True,False
2024-08-02,405782.6961118203,405782.6961118203,0.0,0,True,False
2024-08-05,404619.7927538326,363739.7283007076,40880.064453125,2,True,False
2024-08-06,404112.1288820998,340608.9789492385,63503.14993286133,4,True,False
2024-08-07,404545.5449771488,352523.2488345707,52022.296142578125,3,True,False
2024-08-08,403514.21146685333,350513.83976275177,53000.37170410156,2,True,False
2024-08-09,403834.09202105255,350513.83976275177,53320.25225830078,2,True,False
2024-08-12,403379.5162321301,403379.5162321301,0.0,0,True,False
2024-08-13,403379.5162321301,403379.5162321301,0.0,0,True,False
2024-08-14,403379.5162321301,403379.5162321301,0.0,0,True,False
2024-08-16,403379.5162321301,403379.5162321301,0.0,0,True,False
2024-08-19,403379.5162321301,403379.5162321301,0.0,0,True,False
2024-08-20,403379.5162321301,403379.5162321301,0.0,0,True,False
2024-08-21,403379.5162321301,403379.5162321301,0.0,0,True,False
2024-08-22,403379.5162321301,403379.5162321301,0.0,0,True,False
2024-08-23,403379.5162321301,403379.5162321301,0.0,0,True,False
2024-08-26,402824.28761113796,384415.9130994192,18408.37451171875,1,True,False
2024-08-27,403612.48536215763,383624.5483504389,19987.93701171875,1,True,False
2024-08-28,403756.1645710678,382822.13380934903,20934.03076171875,1,True,False
2024-08-29,402786.0857341392,364908.90415454935,37877.181579589844,2,True,False
2024-08-30,402640.064315967,347216.2038423342,55423.86047363281,2,True,False
2024-09-02,401537.2668965294,318047.5670063927,83489.69989013672,3,True,False
2024-09-03,403017.82207648706,319910.81286017847,83107.0092163086,3,True,False
2024-09-04,402127.29277755134,338238.8597941529,63888.43298339843,3,True,False
2024-09-05,403739.75219723635,403739.75219723635,0.0,0,True,False
2024-09-06,402135.6824567079,373003.43288395397,29132.249572753906,1,True,False
2024-09-09,401488.16801598365,254786.0207381516,146702.14727783203,5,True,False
2024-09-10,400086.13036830304,275134.7000094163,124951.43035888672,5,True,False
2024-09-11,397915.5231735756,324764.9393112709,73150.58386230469,3,True,False
2024-09-12,398846.83965940407,352021.83465452126,46825.00500488281,2,True,False
2024-09-13,398500.0697510106,359087.938647495,39412.131103515625,1,True,False
2024-09-16,396815.04971989687,344091.81436833437,52723.2353515625,2,True,False
2024-09-17,396079.7933075371,293977.2941009941,102102.49920654297,4,True,False
2024-09-18,394293.7897878461,301847.26207788516,92446.52770996094,2,True,False
2024-09-19,395718.54428088485,329774.64376818953,65943.90051269531,1,True,False
2024-09-20,395070.3860058317,354021.91774411296,41048.46826171875,1,True,False
2024-09-23,394685.9295912449,354765.4559584324,39920.4736328125,1,True,False
2024-09-24,393961.1834974949,354765.4559584324,39195.7275390625,1,True,False
2024-09-25,393267.705020024,324792.4755278365,68475.2294921875,2,True,False
2024-09-26,392115.1879301802,324792.4755278365,67322.71240234375,2,True,False
2024-09-27,392691.8345961669,311013.965089331,81677.86950683594,3,True,False
2024-09-30,394030.3919956867,362331.05235030095,31699.339645385742,2,True,False
2024-10-01,393078.36383996136,273957.74649987346,119120.61734008789,4,True,False
2024-10-03,390313.8354677177,254157.75758685838,136156.07788085938,5,True,False
2024-10-04,390163.45118426456,294432.11079119815,95731.3403930664,4,True,False
2024-10-07,387613.1201521614,275991.9277693489,111621.1923828125,4,True,False
2024-10-08,390060.77523985185,302613.68734922685,87447.087890625,3,True,False
2024-10-09,394023.07244049566,373648.40947662847,20374.662963867188,2,True,False
2024-10-10,394499.59028636356,394499.59028636356,0.0,0,True,False
2024-10-11,394551.0941452127,394551.0941452127,0.0,0,True,False
2024-10-14,394230.40573643957,361851.0253653458,32379.38037109375,1,True,False
2024-10-15,394981.96212819277,394981.96212819277,0.0,0,True,False
2024-10-16,395373.0055769409,395373.0055769409,0.0,0,True,False
2024-10-17,395373.0055769409,395373.0055769409,0.0,0,True,False
2024-10-18,396373.9930180768,330837.523169444,65536.46984863281,3,True,False
2024-10-21,395568.7043667156,374659.0735073406,20909.630859375,1,True,False
2024-10-22,390743.3682970061,303736.741496469,87006.62680053711,4,True,False
2024-10-23,391583.09202155593,293088.9849048567,98494.10711669922,5,True,False
2024-10-24,390016.30105607613,286469.395538498,103546.90551757812,5,True,False
2024-10-25,388640.26774159557,297153.17960682994,91487.08813476562,4,True,False
2024-10-28,391439.7054368559,332577.2186814848,58862.486755371094,3,True,False
2024-10-29,391135.1294799859,316185.1412597711,74949.98822021484,3,True,False
2024-10-30,391398.728760465,346389.6659552892,45009.06280517578,2,True,False
2024-10-31,391106.9057090515,363046.3953941101,28060.510314941406,1,True,False
2024-11-01,391593.1115007347,375635.6896257347,15957.421875,1,True,False
2024-11-04,391523.1628172224,391523.1628172224,0.0,0,True,False
2024-11-05,391523.1628172224,391523.1628172224,0.0,0,True,False
2024-11-06,391523.1628172224,391523.1628172224,0.0,0,True,False
2024-11-07,391523.1628172224,391523.1628172224,0.0,0,True,False
2024-11-08,391523.1628172224,391523.1628172224,0.0,0,True,False
2024-11-11,391523.1628172224,391523.1628172224,0.0,0,True,False
2024-11-12,391603.26887080976,380164.7739977629,11438.494873046875,1,True,False
2024-11-13,391544.72184378986,349857.39847953204,41687.32336425781,4,True,False
2024-11-14,391578.6209961545,340842.00417486543,50736.61682128906,4,False,False
2024-11-18,390489.73137072334,377259.85414294014,13229.877227783203,2,False,False
2024-11-19,390449.3750845091,375864.74526273174,14584.629821777344,2,False,False
2024-11-21,390252.16126307525,390252.16126307525,0.0,0,False,False
2024-11-22,390252.16126307525,390252.16126307525,0.0,0,True,False
2024-11-25,390252.16126307525,390252.16126307525,0.0,0,True,False
2024-11-26,390252.16126307525,390252.16126307525,0.0,0,True,False
2024-11-27,390285.45960683003,366549.71741933003,23735.7421875,1,True,False
2024-11-28,390629.7270877702,378502.8237674577,12126.9033203125,1,True,False
2024-11-29,390827.8250819783,390827.8250819783,0.0,0,True,False
2024-12-02,390827.8250819783,390827.8250819783,0.0,0,True,False
2024-12-03,390827.8250819783,390827.8250819783,0.0,0,True,False
2024-12-04,390827.8250819783,390827.8250819783,0.0,0,True,False
2024-12-05,390827.8250819783,390827.8250819783,0.0,0,True,False
2024-12-06,390514.5346051407,350314.80560123443,40199.72900390625,2,True,False
2024-12-09,390352.2457904862,361384.9948139237,28967.2509765625,1,True,False
2024-12-10,390004.4943256425,361384.9948139237,28619.49951171875,1,True,False
2024-12-11,390266.73139566445,390266.73139566445,0.0,0,True,False
2024-12-12,389285.4917215238,307848.4854959379,81437.00622558594,3,True,False
2024-12-13,388948.32659256726,231962.2372981337,156986.0892944336,5,True,False
2024-12-16,388450.79281668784,338837.893066932,49612.89974975585,2,True,False
2024-12-17,390108.32958082465,319265.63733534125,70842.6922454834,3,True,False
2024-12-18,388082.5483800038,302695.6347142323,85386.91366577148,4,True,False
2024-12-19,387088.2482165055,338678.44499384926,48409.80322265625,2,True,False
2024-12-20,378199.8362333102,330784.081838779,47415.75439453125,2,False,False
2024-12-23,377735.65635394334,330242.4752015996,47493.18115234375,4,False,False
2024-12-24,377543.3553192162,346623.52115173574,30919.83416748047,2,False,False
2024-12-26,377254.2320060326,308307.05097575916,68947.18103027344,4,False,False
2024-12-27,376800.6258421602,323153.2654905977,53647.3603515625,3,False,False
2024-12-30,376657.7231602029,334797.97633403103,41859.746826171875,4,False,False
2024-12-31,376692.05832756043,332924.01865470887,43768.03967285156,4,False,False
2025-01-01,377063.5279163773,372166.37856334995,4897.149353027344,1,False,False
2025-01-02,377051.8254195189,377051.8254195189,0.0,0,True,False
2025-01-03,377051.8254195189,377051.8254195189,0.0,0,True,False
2025-01-06,377051.8254195189,377051.8254195189,0.0,0,False,False
2025-01-07,377420.0615221169,354762.1231676247,22657.938354492188,3,False,False
2025-01-08,377071.836090683,367892.85708677676,9178.97900390625,1,False,False
2025-01-09,376048.366467488,325124.3545045974,50924.011962890625,4,False,False
2025-01-10,374572.6268344862,321776.46423682995,52796.16259765625,4,False,False
2025-01-13,373163.71851006465,319766.39874688105,53397.319763183594,4,False,False
2025-01-14,373235.8624622213,312213.61060064903,61022.251861572266,5,False,False
2025-01-15,373689.96169409936,336030.8185056228,37659.14318847656,3,False,False
2025-01-16,373909.6292328008,362465.01253358205,11444.61669921875,3,False,False
2025-01-17,373235.17848265276,346616.102799059,26619.07568359375,2,False,False
2025-01-20,373400.8281512973,356044.11281926604,17356.71533203125,2,False,False
2025-01-21,373610.44913241756,373610.44913241756,0.0,0,False,False
2025-01-22,373610.44913241756,373610.44913241756,0.0,0,False,False
2025-01-23,373610.44913241756,373610.44913241756,0.0,0,False,False
2025-01-24,373610.44913241756,373610.44913241756,0.0,0,False,False
2025-01-27,373610.44913241756,373610.44913241756,0.0,0,False,False
2025-01-28,373305.4124438028,367155.18722407625,6150.2252197265625,1,False,False
2025-01-29,373339.42406469735,363100.2831955567,10239.140869140625,2,False,False
2025-01-30,373177.4511935371,366942.8387667793,6234.6124267578125,1,False,False
2025-01-31,373130.0146700996,366942.8387667793,6187.1759033203125,1,False,False
2025-02-01,372939.1673635366,372939.1673635366,0.0,0,False,False
2025-02-03,372939.1673635366,372939.1673635366,0.0,0,False,False
2025-02-04,372939.1673635366,372939.1673635366,0.0,0,False,False
2025-02-05,372939.1673635366,372939.1673635366,0.0,0,False,False
2025-02-06,372939.1673635366,372939.1673635366,0.0,0,False,False
2025-02-07,372939.1673635366,372939.1673635366,0.0,0,False,False
2025-02-10,372939.1673635366,372939.1673635366,0.0,0,False,False
2025-02-11,372939.1673635366,372939.1673635366,0.0,0,False,False
2025-02-12,373603.4960207561,342969.93400903733,30633.56201171875,5,False,False
2025-02-13,373198.371677793,352220.9939922461,20977.377685546875,3,False,False
2025-02-14,372342.0159006271,347587.79699803924,24754.21890258789,1,False,False
2025-02-17,371934.853193533,334452.76682878693,37482.086364746094,3,False,False
2025-02-18,372247.0061047832,363126.4659436504,9120.540161132812,2,False,False
2025-02-19,372171.8427275891,372171.8427275891,0.0,0,False,False
2025-02-20,372361.35163620865,346607.47858933365,25753.873046875,1,False,False
2025-02-21,372381.44276419625,359537.80506888375,12843.6376953125,1,False,False
2025-02-24,371927.11959420214,333174.66158638964,38752.4580078125,2,False,False
2025-02-25,372233.8116668459,360847.3175262209,11386.494140625,1,False,False
2025-02-27,372058.6025938178,364539.14116803656,7519.46142578125,1,False,False
2025-02-28,371967.33024190104,364470.68375752604,7496.646484375,1,False,False
2025-03-03,371960.25658982736,341796.48806565744,30163.768524169922,1,False,False
2025-03-04,371943.20724804304,332856.41998608015,39086.78726196289,2,False,False
2025-03-05,372322.64980796323,372322.64980796323,0.0,0,False,False
2025-03-06,372322.64980796323,372322.64980796323,0.0,0,False,False
2025-03-07,372322.64980796323,372322.64980796323,0.0,0,False,False
2025-03-10,372322.64980796323,372322.64980796323,0.0,0,False,False
2025-03-11,372322.64980796323,372322.64980796323,0.0,0,False,False
2025-03-12,372322.64980796323,372322.64980796323,0.0,0,False,False
2025-03-13,372322.64980796323,372322.64980796323,0.0,0,False,False
2025-03-17,372681.69109477976,372681.69109477976,0.0,0,False,False
2025-03-18,372638.9431672067,361287.4429230661,11351.500244140625,1,False,False
2025-03-19,372725.16230979754,372725.16230979754,0.0,0,False,False
2025-03-20,372725.16230979754,372725.16230979754,0.0,0,False,False
2025-03-21,372725.16230979754,372725.16230979754,0.0,0,False,False
2025-03-24,372725.16230979754,372725.16230979754,0.0,0,False,False
2025-03-25,372725.16230979754,372725.16230979754,0.0,0,False,False
2025-03-26,372758.2508638682,367461.8649996104,5296.3858642578125,1,False,False
2025-03-27,372998.722452003,367461.8649996104,5536.857452392578,1,False,False
2025-03-28,373030.9055559139,373030.9055559139,0.0,0,False,False
2025-04-01,373030.9055559139,373030.9055559139,0.0,0,False,False
2025-04-02,373111.3705886591,366837.1774734247,6274.193115234375,1,False,False
2025-04-03,372968.0178932859,372968.0178932859,0.0,0,False,False
2025-04-04,372968.0178932859,372968.0178932859,0.0,0,False,False
2025-04-07,373355.30626244715,359517.763232662,13837.543029785156,1,False,False
2025-04-08,373736.9299881159,317133.87328645575,56603.056701660156,4,False,False
2025-04-09,373345.6589072246,333082.2116415996,40263.447265625,2,False,False
2025-04-11,374408.66431387374,374408.66431387374,0.0,0,False,False
2025-04-15,374408.66431387374,374408.66431387374,0.0,0,False,False
2025-04-16,374408.66431387374,374408.66431387374,0.0,0,False,False
2025-04-17,374408.66431387374,374408.66431387374,0.0,0,False,False
2025-04-21,374408.66431387374,374408.66431387374,0.0,0,True,False
2025-04-22,374408.66431387374,374408.66431387374,0.0,0,True,False
2025-04-23,374408.66431387374,374408.66431387374,0.0,0,True,False
2025-04-24,374408.66431387374,374408.66431387374,0.0,0,True,False
2025-04-25,374408.66431387374,374408.66431387374,0.0,0,False,False
2025-04-28,374429.8543789674,344599.4809048463,29830.373474121094,3,True,False
2025-04-29,374001.72281398287,351292.64859523287,22709.07421875,2,True,False
2025-04-30,374116.7757738095,302545.45832996187,71571.31744384766,4,True,False
2025-05-02,372922.602930063,291387.1211490571,81535.48178100586,3,True,False
2025-05-05,373551.50945019803,288311.427167178,85240.08228302002,3,True,False
2025-05-06,372617.13947078877,261245.57269832783,111371.56677246094,3,True,False
2025-05-07,373195.36831378314,264243.5007333693,108951.86758041382,4,True,False
2025-05-08,372625.13018189004,317563.7316413932,55061.398540496826,2,True,False
2025-05-09,371700.7578591583,332801.1622781036,38899.59558105469,2,False,False
2025-05-12,373249.23972562887,373249.23972562887,0.0,0,True,False
2025-05-13,373683.8750714306,360750.08075990714,12933.794311523438,1,True,False
2025-05-14,373821.6306757228,326623.3074335353,47198.3232421875,2,True,False
2025-05-15,373149.3684327069,329137.11281747255,44012.255615234375,2,True,False
2025-05-16,372897.2808949618,345390.94849750085,27506.332397460938,1,True,False
2025-05-19,372446.8936268954,345390.94849750085,27055.94512939453,1,True,False
2025-05-20,371648.3798329501,345390.94849750085,26257.43133544922,1,True,False
2025-05-21,371824.2564680809,326475.83093097154,45348.425537109375,2,True,False
2025-05-22,371106.21727317973,345384.0316042344,25722.185668945312,1,True,False
2025-05-23,371697.8121030117,320935.3711240078,50762.440979003906,2,True,False
2025-05-26,371506.2100224972,345971.1407475949,25535.069274902344,1,True,False
2025-05-27,371489.2773097514,342173.4999660014,29315.77734375,1,True,False
2025-05-28,371939.09486218676,344720.7458936809,27218.34896850586,2,True,False
2025-05-29,371957.8021939032,298856.8611691229,73100.94102478027,2,True,False
2025-05-30,371679.7411274702,335481.9930805952,36197.748046875,1,True,False
2025-06-02,371308.0648954816,325106.5731962629,46201.49169921875,2,True,False
2025-06-03,372270.30444326275,358501.19506826275,13769.109375,1,True,False
2025-06-04,371227.9792477556,206554.60485810717,164673.37438964844,3,True,False
2025-06-05,371118.6668892489,184937.048969327,186181.61791992188,4,True,False
2025-06-06,373831.10108880006,373831.10108880006,0.0,0,True,False
2025-06-09,373831.10108880006,373831.10108880006,0.0,0,True,False
2025-06-10,374122.1586446684,374122.1586446684,0.0,0,True,False
2025-06-11,374478.750903674,356755.469653674,17723.28125,1,True,False
2025-06-12,373610.02987605694,339061.4405205882,34548.58935546875,2,True,False
2025-06-13,375313.75891333754,336864.9212134474,38448.83769989014,3,True,False
2025-06-16,374961.5892917341,336527.3706638044,38434.21862792969,3,True,False
2025-06-17,374234.33226052235,292670.89213601063,81563.44012451172,3,True,False
2025-06-18,373486.8661222119,248811.1139554639,124675.75216674805,4,True,False
2025-06-19,370997.2016818225,232673.29045745725,138323.91122436523,4,True,False
2025-06-20,371373.1055623411,249320.189699304,122052.91586303711,4,True,False
2025-06-23,371974.2694443341,295141.25485693174,76833.01458740234,3,True,False
2025-06-24,371532.25138463534,320072.21674718417,51460.03463745117,2,True,False
2025-06-25,371851.71112714824,304172.44159589824,67679.26953125,2,True,False
2025-06-26,371999.16495995724,317187.4254580041,54811.739501953125,2,True,False
2025-06-27,371773.33098699606,328437.85320379294,43335.477783203125,1,True,False
2025-06-30,372668.6320739739,372668.6320739739,0.0,0,True,False
2025-07-01,372668.6320739739,372668.6320739739,0.0,0,True,False
2025-07-02,372668.6320739739,372668.6320739739,0.0,0,True,False
2025-07-03,372668.6320739739,372668.6320739739,0.0,0,True,False
2025-07-04,372575.2491965729,336637.21863321844,35938.03056335449,1,True,False
2025-07-07,371250.7261550841,277869.69512633653,93381.03102874756,2,True,False
2025-07-08,370372.05912325485,201857.8706924687,168514.18843078613,4,True,False
2025-07-09,369311.0576860149,185390.90789811205,183920.14978790283,5,True,False
2025-07-10,368725.2609482097,260272.65563967693,108452.60530853271,3,True,False
2025-07-11,365415.3534075496,192022.88811366534,173392.46529388428,5,True,False
2025-07-14,365557.0261446712,192022.88811366534,173534.13803100586,5,True,False
2025-07-15,367711.3158916914,310810.9377178633,56900.378173828125,2,True,False
2025-07-16,368021.6236662173,258196.76540510892,109824.8582611084,3,True,False
2025-07-17,366499.7767633438,231384.93307437893,135114.84368896484,4,True,False
2025-07-18,364919.03600863204,216330.2637308,148588.77227783203,4,True,False
2025-07-21,366712.9647402004,269800.4174379543,96912.5473022461,3,True,False
2025-07-22,367306.4801427538,270028.2401525194,97278.23999023438,4,True,False
2025-07-23,367747.3136074266,252559.78908655254,115187.52452087402,4,True,False
2025-07-24,364393.5991847819,257148.80060079752,107244.79858398438,3,True,False
2025-07-25,358912.87791743194,250354.97404780303,108557.9038696289,4,True,False
2025-07-28,356501.90401459916,249210.39095307575,107291.51306152344,4,True,False
2025-07-29,359412.0974898624,284779.01612999913,74633.08135986328,2,True,False
2025-07-30,359705.93549576186,288371.3657936134,71334.56970214844,3,True,False
2025-07-31,361077.8384107308,329034.33462655114,32043.503784179688,1,True,False
2025-08-01,360285.66423609015,360285.66423609015,0.0,0,True,False
2025-08-04,361616.73577076785,338871.31389576785,22745.421875,1,True,False
2025-08-05,361475.8815041625,361475.8815041625,0.0,0,True,False
2025-08-06,361949.74971757794,271135.3178328123,90814.43188476562,1,True,False
2025-08-07,362726.8685100689,362726.8685100689,0.0,0,True,False
2025-08-08,361862.2109726369,320419.01236423844,41443.19860839844,2,True,False
2025-08-11,362455.8930020027,294015.93951079174,68439.95349121094,3,True,False
2025-08-12,361560.8691953825,264748.96233503096,96811.90686035156,3,True,False
2025-08-13,361749.57756571,278001.4611106319,83748.11645507812,2,True,False
2025-08-14,360864.83781961625,278001.4611106319,82863.37670898438,2,True,False
2025-08-18,362498.085513803,321235.2734563079,41262.81205749512,3,True,False
2025-08-19,362134.9918380708,321275.47029266064,40859.521545410156,2,True,False
2025-08-20,362106.713395688,321275.47029266064,40831.243103027344,2,True,False
2025-08-21,361707.15236053173,321275.47029266064,40431.682067871094,2,True,False
2025-08-22,361667.9623381938,331327.7174651469,30340.244873046875,2,True,False
2025-08-25,361604.03296357056,344995.0037277307,16609.029235839844,1,True,False
2025-08-26,361160.947209176,344995.0037277307,16165.943481445312,1,True,False
2025-08-28,359475.67384775623,262127.86482676017,97347.8090209961,4,True,False
2025-08-29,356733.42743312696,246236.63727199414,110496.79016113281,4,True,False
2025-09-01,359317.8012566922,284110.4120355008,75207.3892211914,3,True,False
2025-09-02,358879.30070288863,319380.4018991777,39498.89880371094,1,True,False
2025-09-03,360598.3825634283,296463.7091625494,64134.673400878906,2,True,False
2025-09-04,359911.7967848016,268052.45767347346,91859.33911132812,2,True,False
2025-09-05,360221.5253286973,320634.19085604104,39587.33447265625,1,True,False
2025-09-08,361260.57283840264,361260.57283840264,0.0,0,True,False
2025-09-09,360218.44622365513,318455.24700490513,41763.19921875,1,True,False
2025-09-10,359937.92009007506,297242.7184299188,62695.20166015625,2,True,False
2025-09-11,359954.1060948345,318408.5045323345,41545.6015625,1,True,False
2025-09-12,359771.7037510845,318408.5045323345,41363.19921875,1,True,False
2025-09-15,359929.39342672273,320742.26842672273,39187.125,1,True,False
2025-09-16,360439.7543772403,269469.6602610294,90970.09411621094,3,True,False
2025-09-17,359717.6664822923,282282.19748815167,77435.46899414062,2,True,False
2025-09-18,359333.40277742175,292920.5917117479,66412.81106567383,2,True,False
2025-09-19,361449.6417241295,361449.6417241295,0.0,0,True,False
2025-09-22,361676.4141475903,346491.7991573559,15184.614990234375,1,True,False
2025-09-23,359928.5875209359,252671.3119624642,107257.27555847168,4,True,False
2025-09-24,359015.37255413726,217424.90557415676,141590.46697998047,4,True,False
2025-09-25,358710.07437029795,235956.23745623542,122753.8369140625,3,True,False
2025-09-26,358234.9304469725,220832.79690205064,137402.13354492188,3,True,False
2025-09-29,357089.11075295246,238348.27426613605,118740.8364868164,2,True,False
2025-09-30,357538.20836543734,206095.5389318436,151442.66943359375,4,True,False
2025-10-01,358713.1571405575,343112.1844843075,15600.97265625,1,True,False
2025-10-03,358960.5405694216,346541.1423760622,12419.398193359375,1,True,False
2025-10-06,358549.7885782126,331519.1254922751,27030.6630859375,1,True,False
2025-10-07,358665.4588329588,306932.24134943826,51733.21748352051,2,True,False
2025-10-08,359087.33557524224,321927.3424264385,37159.99314880371,2,True,False
2025-10-09,359347.342103117,335156.2012797527,24191.140823364258,1,True,False
2025-10-10,359705.8735118042,339998.9181895386,19706.955322265625,1,True,False
2025-10-13,359950.89134839125,313991.7823396022,45959.10900878906,2,True,False
2025-10-14,358369.88116031117,310794.11065249867,47575.7705078125,2,True,False
2025-10-15,359163.52805512265,245702.8586215289,113460.66943359375,4,True,False
2025-10-16,360017.4622285365,325665.373361349,34352.0888671875,1,True,False
2025-10-17,360220.8852560352,342507.12890837895,17713.75634765625,1,True,False
2025-10-20,360385.39316198294,347686.2598612017,12699.13330078125,1,True,False
2025-10-21,360817.40536073066,355594.3423724494,5223.06298828125,1,True,False
2025-10-23,360530.88302186347,355594.3423724494,4936.5406494140625,1,True,False
2025-10-24,360602.51351502753,355594.3423724494,5008.171142578125,1,True,False
2025-10-27,360704.4300856667,360704.4300856667,0.0,0,True,False
2025-10-28,361807.6324565016,320854.1051127516,40953.52734375,2,True,False
2025-10-29,361757.8121895116,361757.8121895116,0.0,0,True,False
2025-10-30,361577.0518977317,274286.3818537864,87290.67004394531,2,True,False
2025-10-31,361408.45638317405,258881.86263317402,102526.59375,2,True,False
2025-11-03,362856.082511298,337862.9077066105,24993.1748046875,1,True,False
2025-11-04,362691.69840735017,294389.5284702164,68302.16993713379,2,True,False
2025-11-06,364185.14557235595,364185.14557235595,0.0,0,True,False
2025-11-07,365963.04337049625,324623.7594349494,41339.283935546875,2,True,False
2025-11-10,362270.4179486041,362270.4179486041,0.0,0,True,False
2025-11-11,361513.30335822626,328710.34324470087,32802.96011352539,1,True,False
2025-11-12,361626.76347175165,328710.34324470087,32916.42022705078,1,True,False
2025-11-13,361732.3482331857,315116.22668167204,46616.12155151367,2,True,False
2025-11-14,361914.7227355818,288655.9487182478,73258.77401733398,3,True,False
2025-11-17,362857.15843641054,322529.36363660585,40327.79479980469,2,True,False
2025-11-18,362192.7300316382,362192.7300316382,0.0,0,True,False
2025-11-19,362200.4571476893,315343.544916244,46856.91223144531,2,True,False
2025-11-20,361766.16488475807,330588.61526317603,31177.54962158203,1,True,False
2025-11-21,360300.7525656094,236946.44774078034,123354.3048248291,4,True,False
2025-11-24,359681.20861354785,242225.63480678515,117455.5738067627,4,True,False
2025-11-25,359193.11116752325,208497.63027152716,150695.4808959961,4,True,False
2025-11-26,360322.5071110445,275534.7177586275,84787.78935241699,2,True,False
2025-11-27,359766.8245820074,289147.13036814024,70619.69421386719,2,True,False
2025-11-28,359433.4924592047,289147.13036814024,70286.36209106445,2,True,False
2025-12-01,360130.85968181095,314186.13311931095,45944.7265625,1,True,False
2025-12-02,359526.5022266038,290967.74813724833,68558.75408935547,2,True,False
2025-12-03,358815.3514447703,309171.5147748484,49643.836669921875,2,True,False
2025-12-04,360077.1033713935,237843.9458701728,122233.1575012207,3,True,False
2025-12-05,359905.7157666686,267841.0019071105,92064.7138595581,4,True,False
2025-12-08,360191.23245321255,315402.186920986,44789.04553222656,2,True,False
2025-12-09,362374.5092474399,286592.4664007602,75782.04284667969,4,True,False
2025-12-10,362466.5798502383,260331.1258707461,102135.45397949219,3,True,False
2025-12-11,361643.64979652734,260331.1258707461,101312.52392578125,3,True,False
2025-12-12,361422.27327867824,301119.85433336574,60302.4189453125,1,True,False
2025-12-15,361758.1546263345,301119.85433336574,60638.30029296875,1,True,False
2025-12-16,361858.5175394294,361858.5175394294,0.0,0,True,False
2025-12-17,361609.8113977099,326735.8113977099,34874.0,1,True,False
2025-12-18,360131.76644102484,276298.04085508734,83833.7255859375,2,True,False
2025-12-19,361664.29457939335,311369.8204582996,50294.47412109375,1,True,False
2025-12-22,360955.24575126835,311369.8204582996,49585.42529296875,1,True,False
2025-12-23,361342.3907707996,311369.8204582996,49972.5703125,1,True,False
2025-12-24,360946.54457939335,311369.8204582996,49576.72412109375,1,True,False
2025-12-26,360339.6476596191,247987.70112641595,112351.94653320312,2,True,False
2025-12-29,359912.54163920996,224929.90980327243,134982.6318359375,3,True,False
2025-12-30,362157.45329674863,332189.0719490924,29968.38134765625,1,True,False
2025-12-31,362499.9759943163,272250.401287285,90249.57470703125,2,True,False
2026-01-01,363577.8068788082,290902.80648970907,72675.00038909912,2,True,False
2026-01-02,364305.5515126097,364305.5515126097,0.0,0,True,False
2026-01-05,364305.5515126097,364305.5515126097,0.0,0,True,False
2026-01-06,364305.5515126097,364305.5515126097,0.0,0,True,False
2026-01-07,363655.3864745834,271732.5326843002,91922.8537902832,2,True,False
2026-01-08,362584.8367004135,271732.5326843002,90852.30401611327,2,True,False
2026-01-09,361149.0508069565,220779.04526801608,140370.00553894043,5,True,False
2026-01-12,359898.5015563543,183360.45733638358,176538.0442199707,5,True,False
2026-01-13,360570.8925648396,222899.28608900955,137671.60647583008,4,True,False
2026-01-14,358918.46961383853,358918.46961383853,0.0,0,True,False
2026-01-16,357284.3228066302,244019.6565468646,113264.66625976562,3,True,False
2026-01-19,357192.7150124325,222130.52214133873,135062.19287109375,3,True,False
2026-01-20,351569.9227848921,137593.33538254834,213976.58740234375,5,True,False
2026-01-21,350389.2257634077,137593.33538254834,212795.89038085938,5,True,False
2026-01-22,350948.5924390438,183057.37857185633,167891.2138671875,4,True,False
2026-01-23,347143.86871646985,103669.30084537607,243474.56787109375,5,False,False
2026-01-27,348634.22820911824,201045.4784532589,147588.74975585938,3,True,False
2026-01-28,351592.48998333554,300083.9064872418,51508.58349609375,1,True,False
2026-01-29,351132.50072552304,300083.9064872418,51048.59423828125,1,True,False
2026-01-30,351620.9973075543,300083.9064872418,51537.0908203125,1,True,False
2026-02-02,351307.4262626324,300083.9064872418,51223.519775390625,1,False,False
2026-02-03,351713.31706679834,343928.26137221826,7785.055694580078,1,True,False
2026-02-04,351648.4167095743,351648.4167095743,0.0,0,True,False
2026-02-05,351851.88790303294,334202.3503053767,17649.53759765625,1,True,False
2026-02-06,351621.62951629725,351621.62951629725,0.0,0,True,False
2026-02-09,351462.60288236383,315108.25034330133,36354.3525390625,1,True,False
2026-02-10,351820.33908581093,351820.33908581093,0.0,0,True,False
2026-02-11,351820.33908581093,351820.33908581093,0.0,0,True,False
2026-02-12,351336.6945829898,315055.4033842593,36281.29119873047,1,True,False
2026-02-13,349651.96047734114,277520.0992102513,72131.86126708984,3,True,False
2026-02-16,351360.6532778724,308339.4246401771,43021.22863769531,2,True,False
2026-02-17,351225.9104182746,288101.6692073371,63124.2412109375,3,True,False
2026-02-18,351395.4863314789,302060.04696990666,49335.439361572266,3,True,False
2026-02-19,352203.6905549584,352203.6905549584,0.0,0,True,False
2026-02-20,352203.6905549584,352203.6905549584,0.0,0,True,False
2026-02-23,352049.85383423587,340450.4625988843,11599.391235351562,1,True,False
2026-02-24,351846.2189378993,319891.4931688563,31954.72576904297,2,True,False
2026-02-25,351719.4558954049,316493.2093858529,35226.246509552,2,True,False
2026-02-26,352160.14854877297,307263.55568378273,44896.592864990234,1,True,False
2026-02-27,350389.4336638291,268521.9237456162,81867.50991821289,2,False,False
2026-03-02,350572.489990585,255981.7482608487,94590.74172973633,3,False,False
2026-03-04,347655.7890795239,233529.02179894524,114126.76728057861,5,False,False
2026-03-05,349621.1354031579,268164.36330843135,81456.77209472656,4,False,False
2026-03-06,348136.5884953059,290825.2168369807,57311.371658325195,3,False,False
2026-03-09,345799.9542012754,333511.310280377,12288.643920898438,1,False,False
2026-03-10,346277.1717502082,314460.8437777961,31816.32797241211,2,False,False
2026-03-11,344994.5574965113,307160.30676408944,37834.250732421875,3,False,False
2026-03-12,344873.13513665576,307484.70798211475,37388.427154541016,3,False,False
2026-03-13,343315.9339045701,289623.653386992,53692.280517578125,3,False,False
2026-03-16,344094.8132297477,277729.29906959145,66365.51416015625,5,False,False
2026-03-17,344126.2598031128,289757.0724251831,54369.18737792969,3,False,False
2026-03-18,344498.8755280096,344498.8755280096,0.0,0,False,False
2026-03-19,344498.8755280096,344498.8755280096,0.0,0,False,False
2026-03-20,344498.8755280096,344498.8755280096,0.0,0,False,False
2026-03-23,343830.2031254813,333550.3378911063,10279.865234375,1,False,False
2026-03-24,344151.1250004813,333550.3378911063,10600.787109375,1,False,False
2026-03-25,344525.4383382562,344525.4383382562,0.0,0,False,False
2026-03-27,344525.4383382562,344525.4383382562,0.0,0,False,False
2026-03-30,344525.4383382562,344525.4383382562,0.0,0,False,False
2026-04-01,344525.4383382562,344525.4383382562,0.0,0,False,False
2026-04-02,344525.4383382562,344525.4383382562,0.0,0,False,False
2026-04-06,344525.4383382562,344525.4383382562,0.0,0,False,False
2026-04-07,344525.4383382562,344525.4383382562,0.0,0,False,False
2026-04-08,344525.4383382562,344525.4383382562,0.0,0,False,False
2026-04-09,344525.4383382562,344525.4383382562,0.0,0,False,False
2026-04-10,344525.4383382562,344525.4383382562,0.0,0,False,False
2026-04-13,344525.4383382562,344525.4383382562,0.0,0,False,False
2026-04-15,344525.4383382562,344525.4383382562,0.0,0,False,False
2026-04-16,344525.4383382562,344525.4383382562,0.0,0,False,False
2026-04-17,344525.4383382562,344525.4383382562,0.0,0,False,False
2026-04-20,344525.4383382562,344525.4383382562,0.0,0,False,False
2026-04-21,344525.4383382562,344525.4383382562,0.0,0,False,False
2026-04-22,344539.88679985126,337291.49715141376,7248.389648437501,1,False,False
2026-04-23,344459.1965534924,344459.1965534924,0.0,0,False,False
2026-04-24,344069.84308802785,326767.0427950591,17302.80029296875,1,False,False
2026-04-27,344675.104916294,329992.604916294,14682.5,2,False,False
2026-04-28,344194.7103845571,314656.37224979146,29538.338134765625,2,False,False
2026-04-29,344212.88687744626,323486.47086182126,20726.416015625,1,False,False
2026-04-30,344139.93007702637,312709.8200916748,31430.109985351562,2,False,False
2026-05-04,344267.87712253985,298614.26786961016,45653.60925292969,3,False,False
2026-05-05,343791.0693251054,287753.43449844525,56037.634826660156,5,False,False
2026-05-06,344371.9557051842,331602.6324629967,12769.3232421875,2,False,False
2026-05-07,344800.59745961934,314564.7652452639,30235.83221435547,4,False,False
2026-05-08,344400.1855384819,340606.3823158257,3793.80322265625,1,False,False
2026-05-11,344600.01477230404,329501.7354143939,15098.279357910156,2,False,False
2026-05-12,343706.66122053284,289550.3142967047,54156.346923828125,5,False,False
2026-05-13,343657.61236129643,293703.2222245777,49954.39013671875,4,False,False
2026-05-14,343022.2855829001,317744.3146356345,25277.970947265625,3,False,False
2026-05-15,342989.9371637441,317155.53713933006,25834.400024414062,3,False,False
2026-05-18,342907.0293933174,284695.7962695381,58211.2331237793,4,False,False
2026-05-19,342989.0107715111,307733.13571047597,35255.875061035156,4,False,False
2026-05-20,342530.1385237366,321888.7244612366,20641.4140625,2,False,False
2026-05-21,342069.5921594247,300974.6927453622,41094.8994140625,2,False,False
2026-05-22,342100.74428696185,323799.14943832904,18301.594848632812,2,False,False
2026-05-25,341894.19408087473,317986.5433240388,23907.650756835938,2,False,False
2026-05-26,342535.43315351236,318232.6432060026,24302.789947509766,3,False,False
2026-05-27,342071.7757663512,342071.7757663512,0.0,0,False,False
2026-05-29,341420.92005948984,332998.1344149586,8422.78564453125,1,False,False
2026-06-01,341387.55442410504,321141.34641629254,20246.2080078125,2,False,False
2026-06-02,341789.6097704454,319421.4727770372,22368.136993408203,2,False,False
2026-06-03,341623.43582368264,321338.33914399514,20285.0966796875,2,False,False
2026-06-04,341753.61501892353,309066.26650818135,32687.348510742188,3,False,False
2026-06-05,340454.5754483944,322316.9758390194,18137.599609375,1,False,False
2026-06-08,338857.132024803,306489.23200038896,32367.900024414062,2,False,False
2026-06-09,339346.80774501787,306489.23200038896,32857.575744628906,2,False,False
2026-06-10,338719.913274803,306489.23200038896,32230.681274414062,2,False,False
2026-06-11,338378.0296061425,293208.4274943261,45169.602111816406,4,False,False
2026-06-12,339299.01344516553,325850.72267368116,13448.290771484375,2,False,False
2026-06-15,339082.0426535685,319196.0426535685,19886.0,1,False,False
2026-06-16,339074.0426535685,319196.0426535685,19878.0,1,False,False
2026-06-17,339205.7117019999,336208.05398715613,2997.65771484375,1,False,False
2026-06-18,339373.069227087,328713.51936136436,10659.549865722656,1,False,False
2026-06-19,339385.56117192796,324598.6110376506,14786.950134277344,2,False,False
2026-06-22,339198.36503249744,328631.76530105213,10566.599731445314,1,False,False
2026-06-23,339609.12555913255,339609.12555913255,0.0,0,False,False
2026-06-24,339795.91099269903,330120.9110537342,9674.999938964844,2,False,False
2026-06-25,339445.9188792153,318918.6095663949,20527.309312820435,2,False,False
2026-06-29,339763.4352222909,317984.84118237393,21778.594039916992,3,False,False
2026-06-30,339422.1003434566,317307.9697892574,22114.13055419922,3,False,False
2026-07-01,339193.7994320725,335517.47960785375,3676.31982421875,1,False,False
2026-07-02,338996.33338424267,329374.54920455517,9621.7841796875,1,False,False
2026-07-03,338155.81385299267,329374.54920455517,8781.2646484375,1,False,False
2026-07-06,338401.3060308049,327053.9761968205,11347.329833984375,2,False,False
2026-07-07,336499.69161619834,287800.4034692257,48699.288146972656,4,False,False
2026-07-08,335319.83993928577,282860.24985902454,52459.59008026123,5,False,False
2026-07-09,336274.25520800153,297208.6694307188,39065.585777282715,3,False,False
2026-07-10,337077.69728932384,326205.6148918629,10872.082397460938,1,False,False
2026-07-13,337267.83876881603,326205.6148918629,11062.223876953125,1,False,False
2026-07-14,336756.90698680945,316505.7202192313,20251.186767578125,2,False,False
2026-07-15,337067.2281760771,319535.0274924833,17532.20068359375,2,False,False
2026-07-16,336824.32766338176,319535.0274924833,17289.300170898438,2,False,False
2026-07-17,336086.5274924833,319535.0274924833,16551.5,2,False,False
2026-07-20,336868.52128261904,320774.4708370624,16094.05044555664,2,False,False
2026-07-21,336222.84393917944,278388.3753722849,57834.46856689453,5,False,False
2026-07-22,335117.6544167393,268487.4387490147,66630.21566772461,5,False,False
2026-07-23,334895.17244069814,276994.67341726064,57900.4990234375,4,False,False
2026-07-24,335563.52191453567,305009.87250047317,30553.6494140625,2,False,False
2026-07-27,336054.64132091205,306900.7094361464,29153.931884765625,3,False,False
2026-07-28,335214.9548412671,296201.35584224365,39013.59899902344,3,False,False
2026-07-29,335206.6401577035,316414.1401577035,18792.5,2,False,False
2026-07-30,335388.151064165,311018.8511374072,24369.299926757812,3,False,False
2026-07-31,335719.3306178771,329995.3306178771,5724.0,1,False,False
2026-08-03,336319.47426131903,331502.67415145575,4816.800109863281,1,False,False
2026-08-04,336234.80500346376,336234.80500346376,0.0,0,False,False
2026-08-05,336046.8830286939,330591.1591517408,5455.723876953125,1,False,False
2026-08-06,335965.62750040885,326314.84136759635,9650.7861328125,1,False,False
2026-08-07,335909.9308270872,318213.5829266966,17696.347900390625,2,False,False
2026-08-10,335571.13232671056,326265.65747319494,9305.474853515625,1,False,False
2026-08-11,335648.54209334834,305439.02561385615,30209.516479492188,2,False,False
2026-08-12,336094.7670309243,297042.06707975245,39052.699951171875,3,False,False
2026-08-13,335794.24307856685,321370.04300532467,14424.200073242188,2,False,False
2026-08-14,335879.55964126723,327021.7594703688,8857.800170898438,1,False,False
2026-08-17,336277.13609957206,323609.23644136894,12667.899658203125,1,False,False
2026-08-18,336325.0739854256,290747.45826276933,45577.61572265625,3,False,False
2026-08-19,336117.15760594775,289101.6102426665,47015.54736328125,4,False,False
2026-08-20,336078.1758916135,306445.6755864377,29632.50030517578,3,False,False
2026-08-21,335915.12001222,313148.4699267708,22766.65008544922,2,False,False
2026-08-24,335767.53082332853,319448.73126278166,16318.799560546877,1,False,False
2026-08-25,335157.042717236,287214.6288988766,47942.413818359375,4,False,False
2026-08-26,335004.5359926887,285902.3509340949,49102.18505859375,5,False,False
2026-08-27,335182.72708267724,309265.7268995718,25917.00018310547,2,False,False
2026-08-28,334991.79823597136,271829.3984556979,63162.39978027344,4,False,False
2026-08-31,334319.8542964309,289777.054735884,44542.799560546875,3,False,False
2026-09-01,334183.45509605703,261590.80525474844,72592.6498413086,5,False,False
2026-09-02,333128.75681443076,293009.45603318076,40119.30078125,3,False,False
2026-09-03,333105.41145193734,293139.81226980843,39965.599182128906,3,False,False
2026-09-04,333959.5087529596,308136.0848332819,25823.423919677734,3,False,False
2026-09-07,334113.37274875416,295621.37415256276,38491.998596191406,2,False,False
2026-09-08,334398.70222424704,288979.10118054587,45419.60104370117,3,False,False
2026-09-09,333827.83229162527,269238.3820657952,64589.45022583008,4,False,False
2026-09-10,334251.8061434536,309184.6064364223,25067.19970703125,2,False,False
2026-09-11,334080.4749361851,292372.0246188023,41708.45031738281,3,False,False
2026-09-15,333492.7581556944,308681.1085737852,24811.64958190918,3,False,False
2026-09-16,333422.57864870277,287216.3614856168,46206.21716308594,5,False,False
2026-09-17,334204.85742002475,328695.5072918509,5509.350128173828,1,False,False
2026-09-18,334485.44907975633,329288.54893327196,5196.900146484375,1,False,False
2026-09-21,334391.85135242995,319998.25119373854,14393.600158691406,1,False,False
2026-09-22,334709.7136592192,330533.7136592192,4176.0,1,False,False
2026-09-23,334780.1863590011,330614.3864322433,4165.7999267578125,1,False,False
2026-09-24,334752.55695455224,326782.1571742788,7970.3997802734375,1,False,False
2026-09-25,334627.44627125555,334627.44627125555,0.0,0,False,False
2026-09-28,334323.7377476367,321237.3373570117,13086.400390625,1,False,False
2026-09-29,333988.2056184773,283505.55612812086,50482.649490356445,5,False,False
2026-09-30,334422.3098080186,315291.8597500352,19130.4500579834,2,False,False
2026-10-01,333798.55165021186,333798.55165021186,0.0,0,False,False
