mode,symbol,industry,pattern,signal_date,entry_date,entry_time,exit_date,days_held,entry,stop0,t1,t1_hit,exit,qty,invested,pnl,return_pct,r_multiple,exit_reason
daily,SAKAR,Drug Manufacturers - Specialty & Generic,P1 trend pullback,2023-11-29,2023-11-30,,2023-12-04,2,400.1,381.84,419.5,False,381.46,249,99766.61,-4920.33,-4.93,-1.08,stop
daily,PGIL,Apparel Manufacturing,P1 trend pullback,2023-11-17,2023-11-20,,2023-12-08,13,314.68,297.25,334.5,False,296.95,286,90130.25,-5330.7,-5.91,-1.07,stop
daily,APLLTD,Drug Manufacturers - Specialty & Generic,P1 trend pullback,2023-12-08,2023-12-11,,2023-12-12,1,747.57,723.33,805.03,False,722.61,132,98820.13,-3574.63,-3.62,-1.12,stop
daily,ANTELOPUS,Oil & Gas E&P,P1 trend pullback,2023-12-07,2023-12-08,,2023-12-15,5,494.09,483.42,554.0,False,482.93,199,98464.86,-2500.56,-2.54,-1.18,stop
daily,SPAL,Apparel Manufacturing,P1 trend pullback,2023-11-30,2023-12-01,,2023-12-20,13,619.42,591.7,664.15,False,591.11,159,98628.41,-4779.13,-4.85,-1.08,stop
daily,TIPSMUSIC,Entertainment,P1 trend pullback,2023-12-11,2023-12-12,,2023-12-20,6,350.71,332.43,383.07,False,332.09,70,24602.3,-1419.35,-5.77,-1.11,stop
daily,CONFIPET,Oil & Gas Refining & Marketing,P1 trend pullback,2023-12-12,2023-12-13,,2023-12-20,5,95.73,89.91,104.44,False,89.82,846,81104.21,-5233.67,-6.45,-1.06,stop
daily,MONARCH,Capital Markets,P1 trend pullback,2023-12-15,2023-12-18,,2023-12-20,2,228.58,212.41,254.1,False,212.19,300,68679.62,-5127.3,-7.47,-1.06,stop
daily,SHILPAMED,Drug Manufacturers - Specialty & Generic,P1 trend pullback,2023-12-04,2023-12-05,,2023-12-21,12,185.64,176.06,198.14,False,175.88,515,95743.75,-5297.19,-5.53,-1.07,stop
daily,PIXTRANS,Specialty Industrial Machinery,P1 trend pullback,2023-12-22,2023-12-26,,2023-12-29,3,1360.75,1277.91,1466.66,False,1276.63,55,74953.58,-4851.15,-6.47,-1.06,stop
daily,ANUP,Specialty Industrial Machinery,P1 trend pullback,2023-12-07,2023-12-08,,2024-01-05,20,1283.02,1197.99,1440.39,False,1320.66,57,73242.53,1917.57,2.62,0.4,time (20 days)
daily,TFCILTD,Credit Services,P1 trend pullback,2023-12-12,2023-12-13,,2024-01-10,20,22.09,20.56,23.22,True,25.85,649,14375.1,1454.56,10.12,1.47,time (20 days)
daily,EDELWEISS,Financial Conglomerates,P1 trend pullback,2024-01-12,2024-01-15,,2024-01-16,1,75.63,72.35,84.72,False,72.28,1312,99363.56,-4675.61,-4.71,-1.09,stop
daily,CLSEL,Packaged Foods,P1 trend pullback,2023-12-27,2023-12-28,,2024-01-17,14,229.01,220.11,246.61,True,228.78,404,92653.13,3198.07,3.45,0.89,breakeven
daily,RATEGAIN,Software - Application,P1 trend pullback,2024-01-16,2024-01-17,,2024-01-18,1,743.74,716.94,789.0,False,716.22,135,100548.01,-3998.08,-3.98,-1.1,stop
daily,DREDGECORP,Engineering & Construction,P1 trend pullback,2023-12-22,2023-12-26,,2024-01-23,20,577.58,537.19,628.7,True,801.3,114,65945.48,15400.87,23.35,3.35,time (20 days)
daily,MONARCH,Capital Markets,P1 trend pullback,2023-12-26,2023-12-27,,2024-01-24,20,223.96,209.56,254.1,True,275.72,324,72672.69,12989.97,17.87,2.78,time (20 days)
daily,PNBGILTS,Capital Markets,P1 trend pullback,2023-12-28,2023-12-29,,2024-01-29,20,93.64,88.48,101.92,True,105.93,803,75304.48,7982.15,10.6,1.93,time (20 days)
daily,STYRENIX,Chemicals,P1 trend pullback,2024-01-01,2024-01-02,,2024-01-31,20,1311.03,1299.47,1421.65,True,1414.22,71,93217.48,7268.55,7.8,8.85,time (20 days)
daily,TEXINFRA,Real Estate Services,P1 trend pullback,2024-01-01,2024-01-02,,2024-01-31,20,105.77,100.0,117.07,True,116.4,589,62395.82,7804.4,12.51,2.29,time (20 days)
daily,DHANUKA,Agricultural Inputs,P1 trend pullback,2024-01-25,2024-01-29,,2024-02-02,4,1194.62,1120.55,1279.69,False,1119.43,68,81354.09,-5351.48,-6.58,-1.06,stop
daily,GREENPLY,Lumber & Wood Production,P1 trend pullback,2024-01-25,2024-01-29,,2024-02-09,9,236.98,224.73,266.06,False,224.51,430,102047.0,-5648.72,-5.54,-1.07,stop
daily,VAIBHAVGBL,Luxury Goods,P1 trend pullback,2024-02-06,2024-02-07,,2024-02-09,2,464.98,432.22,509.72,False,431.79,163,75905.46,-5636.28,-7.43,-1.06,stop
daily,BHARATWIRE,Steel,P2 breakout retest,2024-02-07,2024-02-08,,2024-02-09,1,341.14,324.75,400.6,False,324.42,310,105902.69,-5475.44,-5.17,-1.08,stop
daily,PRECWIRE,Electrical Equipment & Parts,P1 trend pullback,2024-01-17,2024-01-18,,2024-02-12,15,123.95,116.59,135.99,True,127.76,678,84160.21,5078.4,6.03,1.02,trail stop
daily,PRAKASH,Steel,P1 trend pullback,2024-01-18,2024-01-19,,2024-02-12,14,174.74,163.99,194.02,True,178.76,464,81201.05,7295.18,8.98,1.46,trail stop
daily,SAKAR,Drug Manufacturers - Specialty & Generic,P1 trend pullback,2024-02-09,2024-02-12,,2024-02-12,0,420.42,399.32,479.0,False,398.92,243,102306.85,-5509.62,-5.39,-1.07,stop
daily,DREDGECORP,Engineering & Construction,P1 trend pullback,2024-01-31,2024-02-01,,2024-02-13,8,804.8,734.09,889.95,False,710.39,76,61261.26,-7367.18,-12.03,-1.37,stop (gap)
daily,DODLA,Food Distribution,P1 trend pullback,2024-01-18,2024-01-19,,2024-02-19,20,847.34,798.63,923.16,True,1023.64,102,86554.95,12549.46,14.5,2.53,time (20 days)
daily,LOKESHMACH,Specialty Industrial Machinery,P1 trend pullback,2024-01-19,2024-01-23,,2024-02-20,20,363.06,335.51,413.4,False,357.74,100,36372.94,-675.35,-1.86,-0.25,time (20 days)
daily,GATEWAY,Integrated Freight & Logistics,P1 trend pullback,2024-02-20,2024-02-21,,2024-02-21,0,100.72,96.63,109.94,False,96.54,743,74949.58,-3336.29,-4.45,-1.1,stop
daily,MANINFRA,Engineering & Construction,P1 trend pullback,2024-02-19,2024-02-20,,2024-02-22,2,221.42,207.93,244.49,False,207.72,371,82267.49,-5322.54,-6.47,-1.06,stop
daily,KOPRAN,Drug Manufacturers - General,P1 trend pullback,2024-02-15,2024-02-16,,2024-02-28,8,251.77,234.67,279.54,False,234.43,289,72872.84,-5231.02,-7.18,-1.06,stop
daily,TFCILTD,Credit Services,P1 trend pullback,2024-02-14,2024-02-15,,2024-03-05,13,38.46,33.61,47.98,True,42.93,1021,39340.85,7111.5,18.08,1.44,trail stop
daily,SANGAMIND,Textile Manufacturing,P1 trend pullback,2024-02-15,2024-02-16,,2024-03-06,13,512.58,456.93,621.47,False,456.47,88,45183.8,-5095.21,-11.28,-1.04,stop
daily,RATEGAIN,Software - Application,P1 trend pullback,2024-02-26,2024-02-27,,2024-03-06,6,822.47,762.97,921.7,False,762.21,83,68369.73,-5211.73,-7.62,-1.06,stop
daily,SUNTECK,Real Estate - Development,P1 trend pullback,2024-03-01,2024-03-04,,2024-03-06,2,474.1,452.32,496.56,False,451.87,204,96854.34,-4808.42,-4.96,-1.08,stop
daily,GIPCL,Utilities - Regulated Electric,P1 trend pullback,2024-02-14,2024-02-15,,2024-03-11,16,186.83,167.09,223.87,False,166.92,251,46972.79,-5158.07,-10.98,-1.04,stop
daily,SUBROS,Auto Parts,P1 trend pullback,2024-02-15,2024-02-16,,2024-03-11,15,615.7,549.96,726.94,False,549.41,75,46256.12,-5132.34,-11.1,-1.04,stop
daily,GOLDIAM,Luxury Goods,P1 trend pullback,2024-03-01,2024-03-04,,2024-03-11,4,141.88,131.67,159.82,False,131.53,475,67496.64,-5122.25,-7.59,-1.06,stop
daily,TEXRAIL,Railroads,P1 trend pullback,2024-02-14,2024-02-15,,2024-03-12,17,188.62,165.06,228.62,False,164.89,210,39680.6,-5128.44,-12.92,-1.04,stop
daily,NFL,Agricultural Inputs,P1 trend pullback,2024-02-15,2024-02-16,,2024-03-12,16,105.26,90.02,126.25,False,89.93,324,34169.26,-5103.22,-14.94,-1.03,stop
daily,GANESHHOU,Real Estate - Development,P1 trend pullback,2024-03-07,2024-03-11,,2024-03-13,2,806.32,708.37,898.72,False,699.94,47,37965.4,-5141.88,-13.54,-1.12,stop (gap)
daily,KPIGREEN,Utilities - Renewable,P1 trend pullback,2024-02-14,2024-02-15,,2024-03-14,19,466.91,394.22,534.98,True,488.62,68,31811.09,2876.14,9.04,0.58,breakeven (gap)
daily,JAIBALAJI,Steel,P1 trend pullback,2024-03-14,2024-03-15,,2024-03-19,2,225.22,197.19,262.8,False,190.66,159,35876.85,-5632.99,-15.7,-1.26,stop (gap)
daily,PAISALO,Credit Services,P1 trend pullback,2024-03-15,2024-03-18,,2024-04-18,20,70.19,51.04,99.09,False,77.65,231,16256.45,1622.49,9.98,0.37,time (20 days)
daily,CARERATING,Financial Data & Stock Exchanges,P1 trend pullback,2024-03-18,2024-03-19,,2024-04-19,20,1078.37,1017.77,1220.66,False,1041.92,72,77758.51,-2857.57,-3.67,-0.65,time (20 days)
daily,KIRLOSIND,Metal Fabrication,P1 trend pullback,2024-03-18,2024-03-19,,2024-04-19,20,3975.6,3775.61,4390.52,True,4165.58,22,87590.6,6349.92,7.25,1.44,time (20 days)
daily,PIXTRANS,Specialty Industrial Machinery,P1 trend pullback,2024-03-20,2024-03-21,,2024-04-23,20,1300.6,1220.62,1502.08,True,1357.44,54,70339.32,6708.57,9.54,1.55,time (20 days)
daily,KIRLOSBROS,Specialty Industrial Machinery,P1 trend pullback,2024-03-21,2024-03-22,,2024-04-24,20,1025.57,950.28,1167.76,True,1300.76,58,59577.13,11856.82,19.9,2.72,time (20 days)
daily,KOPRAN,Drug Manufacturers - General,P1 trend pullback,2024-04-16,2024-04-18,,2024-05-03,10,254.26,240.28,279.45,False,240.04,332,84539.32,-4968.52,-5.88,-1.07,stop
daily,GENESYS,Software - Application,P1 trend pullback,2024-04-22,2024-04-23,,2024-05-03,7,638.19,580.52,738.9,False,579.94,81,51778.11,-4891.25,-9.45,-1.05,stop
daily,MARKSANS,Drug Manufacturers - General,P1 trend pullback,2024-04-26,2024-04-29,,2024-05-03,3,170.89,162.55,183.96,False,162.38,541,92586.71,-4867.99,-5.26,-1.08,stop
daily,IFBIND,"Furnishings, Fixtures & Appliances",P1 trend pullback,2024-04-16,2024-04-18,,2024-05-07,12,1418.47,1316.5,1603.75,True,1423.64,45,63930.34,3946.23,6.17,0.86,trail stop
daily,TSFINV,Asset Management,P1 trend pullback,2024-04-22,2024-04-23,,2024-05-07,9,232.54,211.86,265.07,False,211.65,226,52640.86,-4897.6,-9.3,-1.05,stop
daily,AURIONPRO,Software - Application,P1 trend pullback,2024-05-10,2024-05-13,,2024-05-21,5,1263.7,1144.2,1384.79,False,1143.06,37,46836.04,-4626.25,-9.88,-1.05,stop
daily,EMUDHRA,Software - Application,P1 trend pullback,2024-04-19,2024-04-22,,2024-05-21,20,761.28,685.9,839.01,False,789.11,61,46516.99,1529.33,3.29,0.33,time (20 days)
daily,GANESHHOU,Real Estate - Development,P1 trend pullback,2024-05-10,2024-05-13,,2024-05-22,6,784.5,706.79,864.83,True,783.71,57,44792.97,2022.16,4.51,0.46,breakeven
daily,ICIL,Textile Manufacturing,P1 trend pullback,2024-05-15,2024-05-16,,2024-05-27,6,364.1,343.74,397.6,False,343.4,66,24082.45,-1481.31,-6.15,-1.1,stop
daily,SMLMAH,Auto Manufacturers,P1 trend pullback,2024-05-08,2024-05-09,,2024-05-28,12,2107.25,1908.53,2303.28,True,2105.14,22,46438.1,1925.19,4.15,0.44,breakeven
daily,STAR,Drug Manufacturers - Specialty & Generic,P1 trend pullback,2024-05-10,2024-05-13,,2024-05-28,10,822.32,791.43,904.97,True,821.49,107,88115.92,4033.52,4.58,1.22,breakeven
daily,TAJGVK,Lodging,P1 trend pullback,2024-05-14,2024-05-15,,2024-05-29,9,364.28,337.24,416.21,False,336.91,70,25553.64,-2034.13,-7.96,-1.07,stop
daily,SHILPAMED,Drug Manufacturers - Specialty & Generic,P1 trend pullback,2024-05-23,2024-05-24,,2024-05-29,3,264.78,234.51,280.28,False,234.28,155,41112.83,-4876.95,-11.86,-1.04,stop
daily,IZMO,Software - Application,P1 trend pullback,2024-05-14,2024-05-15,,2024-05-31,11,312.31,285.09,373.0,False,284.8,165,51616.21,-4712.33,-9.13,-1.05,stop
daily,VSSL,Steel,P1 trend pullback,2024-05-09,2024-05-10,,2024-06-04,16,273.56,249.87,319.97,True,287.48,187,51240.45,5402.02,10.54,1.22,trail stop
daily,HIRECT,Electrical Equipment & Parts,P1 trend pullback,2024-05-14,2024-05-15,,2024-06-04,13,350.87,317.16,403.82,False,316.85,133,46744.89,-4687.44,-10.03,-1.05,stop
daily,KIRLOSBROS,Specialty Industrial Machinery,P1 trend pullback,2024-05-29,2024-05-30,,2024-06-04,3,1688.45,1543.39,1905.82,False,1541.85,31,52427.69,-4719.42,-9.0,-1.05,stop
daily,SUBROS,Auto Parts,P1 trend pullback,2024-05-31,2024-06-03,,2024-06-04,1,621.5,584.56,678.94,False,583.98,120,74692.64,-4727.75,-6.33,-1.07,stop
daily,BALMLAWRIE,Conglomerates,P1 trend pullback,2024-06-03,2024-06-04,,2024-06-04,0,248.72,230.73,285.39,False,230.5,246,61281.98,-4677.62,-7.63,-1.06,stop
daily,AARTIPHARM,Drug Manufacturers - Specialty & Generic,P1 trend pullback,2024-06-03,2024-06-04,,2024-06-04,0,572.51,535.81,630.96,False,535.27,120,68806.42,-4680.01,-6.8,-1.06,stop
daily,ARROWGREEN,Packaging & Containers,P1 trend pullback,2024-06-14,2024-06-18,,2024-06-19,1,570.83,541.53,616.98,False,540.98,149,85178.79,-4695.18,-5.51,-1.08,stop
daily,FINPIPE,Building Products & Equipment,P1 trend pullback,2024-06-21,2024-06-24,,2024-06-28,4,320.23,305.59,341.14,False,305.29,271,86907.84,-4300.54,-4.95,-1.08,stop
daily,DREDGECORP,Engineering & Construction,P1 trend pullback,2024-06-06,2024-06-07,,2024-06-28,15,882.78,831.13,1048.4,True,1101.45,81,71613.76,15312.28,21.38,3.66,end of test
daily,AHLUCONT,Engineering & Construction,P1 trend pullback,2024-06-06,2024-06-07,,2024-06-28,15,1177.53,1026.96,1385.88,False,1242.66,28,33033.52,1685.28,5.1,0.4,end of test
daily,GMBREW,Beverages - Wineries & Distilleries,P1 trend pullback,2024-06-06,2024-06-07,,2024-06-28,15,610.22,562.01,674.98,False,621.58,87,53175.48,806.37,1.52,0.19,end of test
daily,DSSL,Information Technology Services,P1 trend pullback,2024-06-07,2024-06-10,,2024-06-28,14,1211.63,1028.19,1432.14,False,1131.24,22,26711.09,-1889.2,-7.07,-0.47,end of test
daily,WINDLAS,Drug Manufacturers - Specialty & Generic,P1 trend pullback,2024-06-20,2024-06-21,,2024-06-28,6,703.47,662.74,778.73,False,702.7,107,75384.38,-312.62,-0.41,-0.07,end of test
daily,HERITGFOOD,Packaged Foods,P1 trend pullback,2024-06-25,2024-06-26,,2024-06-28,3,582.42,532.61,714.87,False,550.97,87,50754.55,-2909.41,-5.73,-0.67,end of test
