date,equity,cash,positions
2023-11-15,500000.0,500000.0,0
2023-11-16,500000.0,500000.0,0
2023-11-17,500000.0,500000.0,0
2023-11-20,500000.0,500000.0,0
2023-11-21,500000.0,500000.0,0
2023-11-22,497634.05177691526,300816.66133502073,2
2023-11-23,497285.3228340442,300816.66133502073,2
2023-11-24,496503.9956245715,300816.66133502073,2
2023-11-28,495210.48390930914,297372.811431587,2
2023-11-29,491868.41658157186,393021.50770706014,1
2023-11-30,491459.4209307497,196377.9154681032,3
2023-12-01,489048.1786665488,31645.86988969335,5
2023-12-04,492841.29145968053,504.35074007605,6
2023-12-05,490110.2485171646,94912.37385285797,5
2023-12-06,487066.24469599023,189596.83020624414,4
2023-12-07,488354.03989252343,189596.83020624414,4
2023-12-08,489698.16932070325,123475.96380770276,5
2023-12-11,496357.91179812024,123475.96380770276,5
2023-12-12,494746.40283219394,92156.95402543125,6
2023-12-13,497507.06430520216,204.20598305862222,7
2023-12-14,493908.5592316548,204.20598305862222,7
2023-12-15,496358.8137329976,204.20598305862222,7
2023-12-18,495697.46492158645,96597.12691652054,6
2023-12-19,501849.5421467864,36727.6229649627,8
2023-12-20,469997.98955539067,375958.8611374219,2
2023-12-21,467982.2206584412,437182.26942553103,1
2023-12-22,468158.2088988034,348240.8953917233,2
2023-12-26,467725.2078865869,278718.27826012205,3
2023-12-27,465064.93310631346,278718.27826012205,3
2023-12-28,458204.34333558066,112096.55498070699,5
2023-12-29,455968.1578698315,55.56490756645144,7
2024-01-01,456296.51156856195,55.56490756645144,7
2024-01-02,464725.9456238903,55.56490756645144,7
2024-01-03,461436.6779275097,55.56490756645144,7
2024-01-04,465847.3587670483,55.56490756645144,7
2024-01-05,467070.12353564875,55.56490756645144,7
2024-01-08,462598.6499075452,83539.5646833936,6
2024-01-09,467664.29589472007,104955.37720308492,6
2024-01-10,470248.23723039817,104955.37720308492,6
2024-01-11,476093.4239121456,104955.37720308492,6
2024-01-12,475928.48531302647,85320.35816916663,7
2024-01-15,475078.36582717136,85320.35816916663,7
2024-01-16,475575.6839037591,223773.51572901543,5
2024-01-17,472497.1719961816,223773.51572901543,5
2024-01-18,469478.8690177758,279480.53218000726,4
2024-01-19,472523.8340896447,56090.70932043388,7
2024-01-23,481332.8072041546,87839.4253682171,7
2024-01-24,491074.2593201672,87839.4253682171,7
2024-01-25,507029.42788321024,139923.87850958353,8
2024-01-29,510370.88998738653,151216.73113576302,7
2024-01-30,516195.07676206244,37990.28527341499,9
2024-01-31,527163.2335260549,755.466657463614,10
2024-02-01,539232.8476923147,755.466657463614,10
2024-02-02,544369.0642802306,49896.372282702534,9
2024-02-05,544435.9087682714,138.6714635839453,10
2024-02-06,557742.4002482852,55026.665095086944,10
2024-02-07,558130.7134273013,55026.665095086944,10
2024-02-08,556002.2268931826,55026.665095086944,10
2024-02-09,547334.2298779106,156098.14012571328,8
2024-02-12,533581.764986818,331801.63370019686,4
2024-02-13,526978.404866673,424741.7524008528,2
2024-02-14,527798.9009379136,272533.1574534165,5
2024-02-15,531957.4733429495,129708.47872167264,8
2024-02-16,533527.5805130545,129708.47872167264,8
2024-02-19,549019.7339660277,61055.816493188366,9
2024-02-20,553749.7894066718,81498.85179986025,9
2024-02-21,557499.0512918835,138899.80051368527,8
2024-02-22,564167.3516016637,33589.88383585559,10
2024-02-23,577442.9400107405,61837.55357427815,10
2024-02-26,579183.7542044661,61837.55357427815,10
2024-02-27,582684.0294398818,105514.6519603286,9
2024-02-28,564124.5467738662,105514.6519603286,9
2024-02-29,564711.3832054927,14780.062717516674,10
2024-03-01,579711.4979739496,65588.55459168642,10
2024-03-04,577232.6380725214,65588.55459168642,10
2024-03-05,571588.7514352638,129385.03065584478,9
2024-03-06,559854.4792673885,201765.91473796952,7
2024-03-07,557560.5207443318,8599.807716377632,9
2024-03-11,543080.9224281722,106749.23750690755,8
2024-03-12,527694.1701180618,222740.34402248077,5
2024-03-13,520302.16153770627,415786.0653463,1
2024-03-14,523198.47104133986,265067.7131372871,4
2024-03-15,514192.54717579286,201894.2799181024,5
2024-03-18,510312.86658997636,126923.24754090408,7
2024-03-19,499106.7415480807,111146.32687522912,7
2024-03-20,497621.140313702,193449.7323852352,6
2024-03-21,499050.4850461964,35052.76312999765,8
2024-03-22,503158.1444929127,35052.76312999765,8
2024-03-26,505110.01926403085,35052.76312999765,8
2024-03-27,515952.8669584278,35052.76312999765,8
2024-03-28,537040.4497502334,90270.91428880765,8
2024-04-01,549641.5427762613,121250.64740577797,8
2024-04-02,555084.0090447463,156680.30633173356,8
2024-04-03,556893.7163353957,156680.30633173356,8
2024-04-04,561634.0743793983,221869.72571606818,8
2024-04-05,566760.9809559499,144505.31873976332,9
2024-04-08,574156.4772896671,189165.0261025334,9
2024-04-09,575952.5721993351,189165.0261025334,9
2024-04-10,577940.5453743839,189165.0261025334,9
2024-04-12,567931.8019664967,228025.10656244404,8
2024-04-15,562095.8097792858,346240.216593861,5
2024-04-16,559933.6029335773,266223.5879189289,6
2024-04-18,553935.9219014761,322900.0877950308,4
2024-04-19,553889.8004181236,451463.62842105335,2
2024-04-22,556518.8972881389,392495.7755840373,3
2024-04-23,559386.6141283186,345480.90306874836,3
2024-04-24,560093.6437303694,345480.90306874836,3
2024-04-25,559929.4918749006,345480.90306874836,3
2024-04-26,555425.5288264587,233387.69569657592,4
2024-04-29,558197.9538142517,233387.69569657592,4
2024-04-30,555697.3524004007,181012.31809864286,5
2024-05-02,555103.2283201034,69843.1275205428,6
2024-05-03,555170.5751813139,178869.4019635405,4
2024-05-06,562562.4228295172,240197.91783989314,4
2024-05-07,549344.8546316926,423333.73744419264,2
2024-05-08,548239.1477421466,355008.2609623615,3
2024-05-09,542762.5100468341,355008.2609623615,3
2024-05-10,539299.8374794392,119256.05598529862,5
2024-05-13,536012.6924182702,55.45966070183749,7
2024-05-14,544888.0858814049,55.45966070183749,7
2024-05-15,554546.8801301407,68801.11664137112,6
2024-05-16,555002.089387828,54290.83020203695,7
2024-05-17,551544.3397031606,1628.5396848500386,8
2024-05-21,547855.8118124291,79220.2869406029,7
2024-05-22,551615.7295039205,237499.93131666473,6
2024-05-23,537996.2487770938,187060.62985009182,6
2024-05-24,530703.1930409893,126501.53869833796,6
2024-05-27,525396.6193383588,281434.6547234906,4
2024-05-28,538730.3553841962,281434.6547234906,4
2024-05-29,540887.3078209199,218937.0948845186,5
2024-05-30,522138.9437967151,18692.69286592897,7
2024-05-31,533082.3359214829,1024.5307609604788,8
2024-06-03,539131.0461573103,103522.37879891177,7
2024-06-04,495771.4257088376,483956.9756355954,1
2024-06-05,494859.47655112273,483956.9756355954,1
2024-06-06,495456.4705696774,483956.9756355954,1
2024-06-07,495557.94631592045,391646.9477807642,2
2024-06-10,506340.50604321546,326909.48388745374,2
2024-06-11,513591.290513659,196978.14378514336,4
2024-06-12,521825.88697351434,95234.02680505732,5
2024-06-13,518939.25318445184,95234.02680505732,5
2024-06-14,519075.720835819,95234.02680505732,5
2024-06-18,518119.8334511854,125050.97944727911,5
2024-06-19,521942.8402871229,125050.97944727911,5
2024-06-20,528964.1131495626,274700.286733547,4
2024-06-21,524416.2495021017,274700.286733547,4
2024-06-24,525231.9107569845,274700.286733547,4
2024-06-25,527092.7358314295,216744.13854139048,5
2024-06-26,527933.8242713709,216744.13854139048,5
2024-06-27,522521.16649549204,216744.13854139048,5
2024-06-28,522193.73695374455,216744.13854139048,5
