symbol,A,A_high,C,C_low,B,B_high,D,D_low,AB_bars,AC_bars,CB_bars,BD_bars,AC_share,fib_B,fib_D,sma200_slope_pct,res_touches,target,stop,status,early_9sma,entry,entry_close,entry_move_pct,exit_date,return_pct,hold_candles,reward_risk,cost_pct,net_return_pct,risk_pct,r_multiple
CLEAN,01-Jan-2024 11:15,1622.0,08-Feb-2024 15:15,1370.0,26-Feb-2024 14:15,1482.1500244140625,29-Feb-2024 10:15,1402.0,270,187,84,18,0.693,0.445,0.285,-0.023,8,1551.46,1402.0,D broken,,,,,,,,,,,,
KPITTECH,12-Feb-2024 09:15,1762.5999755859375,22-Mar-2024 09:15,1330.0,02-Apr-2024 11:15,1561.8499755859375,15-Apr-2024 09:15,1414.0999755859375,234,197,38,55,0.842,0.536,0.363,-0.035,22,1705.13,1414.0999755859375,D broken,,,,,,,,,,,,
LICI,09-Feb-2024 09:15,587.5,20-Mar-2024 15:15,432.5499877929688,04-Apr-2024 09:15,508.0249938964844,15-Apr-2024 09:15,466.0249938964844,253,196,58,43,0.775,0.487,0.444,-0.034,8,554.67,466.0249938964844,STOPPED,22-Apr-2024 15:15,23-Apr-2024 09:15,500.4500122070313,2.48,07-May-2024 10:15,-7.65,64.0,1.57,0.35,-8.0,6.88,-1.16
ENGINERSIN,02-Feb-2024 14:15,273.54998779296875,20-Mar-2024 15:15,173.5,08-Apr-2024 09:15,233.6000061035156,19-Apr-2024 09:15,200.1000061035156,297,226,72,50,0.761,0.601,0.443,-0.012,9,270.74,200.1000061035156,no breakout,,,,,,,,,,,,
NBCC,05-Feb-2024 09:15,117.83333587646484,14-Mar-2024 09:15,70.06666564941406,09-Apr-2024 11:15,94.33333587646484,19-Apr-2024 09:15,79.33333587646484,304,190,115,41,0.625,0.508,0.382,-0.034,7,109.33,79.33333587646484,consolidation too wide,,,,,,,,,,,,
DCMSHRIRAM,04-Jan-2024 15:15,1174.800048828125,28-Mar-2024 15:15,848.0,12-Apr-2024 09:15,990.0,19-Apr-2024 15:15,908.9500122070312,450,393,58,35,0.873,0.435,0.429,-0.024,7,1077.76,908.9500122070312,D broken,,,,,,,,,,,,
UPL,02-Jan-2024 09:15,603.7999877929688,14-Mar-2024 09:15,448.3500061035156,26-Apr-2024 11:15,513.9000244140625,07-May-2024 11:15,470.3999938964844,535,344,192,43,0.643,0.422,0.336,0.026,6,554.41,470.3999938964844,D broken,,,,,,,,,,,,
JKLAKSHMI,16-Feb-2024 13:15,975.0,13-May-2024 10:15,751.0,24-May-2024 09:15,850.5999755859375,30-May-2024 15:15,781.6500244140625,438,383,56,35,0.874,0.445,0.308,-0.014,10,912.15,781.6500244140625,D broken,,,,,,,,,,,,
JINDALSTEL,21-Jun-2024 14:15,1097.0,14-Aug-2024 10:15,896.2999877929688,26-Aug-2024 14:15,987.8499755859376,04-Sep-2024 09:15,929.6500244140624,309,256,54,45,0.828,0.456,0.364,0.001,17,1044.43,929.6500244140624,no breakout,,,,,,,,,,,,
CLEAN,01-Aug-2024 09:15,1690.0,02-Sep-2024 12:15,1463.3499755859375,16-Sep-2024 09:15,1600.050048828125,19-Sep-2024 11:15,1514.0,218,151,68,24,0.693,0.603,0.371,-0.015,3,1684.53,1514.0,D broken,,,,,,,,,,,,
USHAMART,05-Jul-2024 09:15,427.1000061035156,19-Aug-2024 15:15,318.0,11-Sep-2024 09:15,371.5,19-Sep-2024 11:15,335.20001220703125,323,210,114,45,0.65,0.49,0.321,-0.007,16,404.56,335.20001220703125,TARGET HIT,,20-Sep-2024 09:15,350.29998779296875,3.62,11-Oct-2024 10:15,20.9,99.0,3.59,0.35,20.55,4.31,4.77
COALINDIA,26-Aug-2024 09:15,543.4500122070312,19-Sep-2024 11:15,476.3500061035156,27-Sep-2024 15:15,517.7000122070312,04-Oct-2024 09:15,494.5499877929688,175,129,47,23,0.737,0.616,0.44,-0.028,4,543.25,494.5499877929688,D broken,,,,,,,,,,,,
EXIDEIND,09-Jul-2024 14:15,585.5,19-Sep-2024 12:15,454.2000122070313,01-Oct-2024 13:15,515.5,07-Oct-2024 10:15,474.2999877929688,406,349,58,19,0.86,0.467,0.328,-0.0,7,553.38,474.2999877929688,consolidation too wide,,,,,,,,,,,,
HONAUT,26-Jun-2024 11:15,59747.55078125,07-Oct-2024 10:15,46827.94921875,21-Oct-2024 09:15,51977.6484375,25-Oct-2024 12:15,48845.0,559,490,70,32,0.877,0.399,0.392,-0.007,4,55160.16,48845.0,D broken,,,,,,,,,,,,
BEML,12-Jul-2024 09:15,2600.0,07-Oct-2024 14:15,1715.125,21-Oct-2024 09:15,2070.22509765625,25-Oct-2024 14:15,1842.074951171875,477,412,66,34,0.864,0.401,0.358,-0.02,6,2289.68,1842.074951171875,consolidation too wide,,,,,,,,,,,,
NATCOPHARM,12-Sep-2024 12:15,1639.0,28-Oct-2024 09:15,1284.199951171875,07-Nov-2024 09:15,1458.800048828125,13-Nov-2024 14:15,1362.5999755859375,264,215,50,34,0.814,0.492,0.449,-0.002,5,1566.7,1362.5999755859375,D broken,,,,,,,,,,,,
KIRLOSENG,04-Sep-2024 09:15,1404.800048828125,25-Oct-2024 09:15,1007.0499877929688,08-Nov-2024 09:15,1209.0,13-Nov-2024 15:15,1092.5,316,253,64,28,0.801,0.508,0.423,-0.03,8,1333.81,1092.5,consolidation too wide,,,,,,,,,,,,
BEL,09-Jul-2024 09:15,339.3500061035156,25-Oct-2024 10:15,257.5,08-Nov-2024 09:15,304.5,14-Nov-2024 09:15,275.54998779296875,589,527,63,29,0.895,0.574,0.384,0.001,8,333.55,275.54998779296875,D broken,,,,,,,,,,,,
BEML,12-Jul-2024 09:15,2600.0,07-Oct-2024 14:15,1715.125,07-Nov-2024 10:15,2174.0,14-Nov-2024 09:15,1860.550048828125,562,412,151,35,0.733,0.519,0.317,0.027,4,2457.58,1860.550048828125,D broken,,,,,,,,,,,,
BIRLACABLE,26-Aug-2024 10:15,289.70001220703125,21-Nov-2024 10:15,199.7100067138672,10-Dec-2024 10:15,243.8999938964844,23-Dec-2024 09:15,212.3999938964844,505,414,92,63,0.82,0.491,0.287,-0.019,10,271.21,212.3999938964844,D broken,,,,,,,,,,,,
KPITTECH,28-Aug-2024 10:15,1920.699951171875,21-Nov-2024 10:15,1283.5,12-Dec-2024 09:15,1563.199951171875,23-Dec-2024 13:15,1408.9000244140625,504,400,105,54,0.794,0.439,0.448,0.003,18,1736.05,1408.9000244140625,no breakout,,,,,,,,,,,,
MINDACORP,26-Aug-2024 12:15,652.0,25-Oct-2024 10:15,471.2999877929688,11-Dec-2024 13:15,552.0,24-Dec-2024 09:15,491.7999877929688,513,300,214,60,0.585,0.447,0.254,-0.005,9,601.87,491.7999877929688,D broken,,,,,,,,,,,,
SHYAMMETL,24-Sep-2024 09:15,956.5999755859376,10-Jan-2025 09:15,660.0,21-Jan-2025 14:15,830.0,27-Jan-2025 10:15,726.8499755859375,566,512,55,25,0.905,0.573,0.393,-0.031,8,935.06,726.8499755859375,D broken,,,,,,,,,,,,
FORCEMOT,31-Oct-2024 14:15,8088.0,28-Jan-2025 10:15,6125.75,21-Feb-2025 12:15,7080.0,28-Feb-2025 09:15,6472.0498046875,539,410,130,26,0.761,0.486,0.363,0.009,3,7669.73,6472.0498046875,consolidation too wide,,,,,,,,,,,,
INDUSTOWER,20-Jan-2025 09:15,390.0,03-Mar-2025 11:15,313.6000061035156,24-Mar-2025 09:15,358.8500061035156,28-Mar-2025 13:15,332.04998779296875,302,206,97,33,0.682,0.592,0.408,-0.018,5,386.81,332.04998779296875,no breakout,,,,,,,,,,,,
LUPIN,02-Jan-2025 14:15,2402.89990234375,28-Feb-2025 09:15,1859.949951171875,24-Mar-2025 09:15,2134.949951171875,02-Apr-2025 09:15,1938.550048828125,381,276,106,43,0.724,0.506,0.286,0.002,3,2304.9,1938.550048828125,STOPPED,02-Apr-2025 10:15,03-Apr-2025 09:15,2099.699951171875,4.48,07-Apr-2025 09:15,-8.96,14.0,1.27,0.35,-9.31,7.67,-1.21
GAIL,06-Dec-2024 10:15,213.3999938964844,04-Mar-2025 09:15,150.61000061035156,01-Apr-2025 13:15,186.9499969482422,07-Apr-2025 09:15,161.52999877929688,550,420,131,25,0.764,0.579,0.3,0.041,4,209.41,161.52999877929688,consolidation too wide,,,,,,,,,,,,
SBIN,06-Dec-2024 10:15,875.25,03-Mar-2025 09:15,680.0,25-Mar-2025 09:15,786.0,07-Apr-2025 12:15,731.0999755859375,518,413,106,60,0.797,0.543,0.482,0.022,37,851.51,731.0999755859375,no breakout,,,,,,,,,,,,
BATAINDIA,12-Feb-2025 12:15,1378.949951171875,07-Apr-2025 09:15,1150.0,15-Apr-2025 09:15,1255.0,21-Apr-2025 15:15,1200.300048828125,271,243,29,28,0.897,0.459,0.479,-0.001,8,1319.89,1200.300048828125,no breakout,,,,,,,,,,,,
CIEINDIA,06-Feb-2025 12:15,478.5,07-Apr-2025 09:15,359.75,22-Apr-2025 15:15,430.0,02-May-2025 09:15,390.7000122070313,333,271,63,44,0.814,0.592,0.441,0.029,14,473.41,390.7000122070313,no breakout,,,,,,,,,,,,
JPPOWER,20-Dec-2024 09:15,20.32999992370605,03-Mar-2025 11:15,12.359999656677246,22-Apr-2025 09:15,16.479999542236328,02-May-2025 09:15,14.119999885559082,561,346,216,50,0.617,0.517,0.427,0.042,3,19.03,14.119999885559082,D broken,,,,,,,,,,,,
SYNGENE,03-Apr-2025 09:15,760.0,09-May-2025 09:15,599.75,12-Jun-2025 10:15,671.0,20-Jun-2025 09:15,624.5,324,155,170,42,0.478,0.445,0.347,0.016,9,715.03,624.5,no breakout,,,,,,,,,,,,
HAVELLS,22-Apr-2025 13:15,1673.800048828125,05-Jun-2025 14:15,1483.0999755859375,25-Jun-2025 09:15,1598.5999755859375,30-Jun-2025 11:15,1536.5,312,219,94,24,0.702,0.606,0.462,-0.004,6,1669.98,1536.5,D broken,,,,,,,,,,,,
TORNTPOWER,16-Apr-2025 09:15,1640.0,19-Jun-2025 13:15,1358.199951171875,27-Jun-2025 10:15,1491.4000244140625,09-Jul-2025 11:15,1407.199951171875,352,313,40,58,0.889,0.473,0.368,0.01,14,1573.72,1407.199951171875,D broken,,,,,,,,,,,,
GESHIP,13-Jun-2025 10:15,1048.949951171875,01-Aug-2025 14:15,914.2999877929688,21-Aug-2025 09:15,988.9000244140624,26-Aug-2025 09:15,939.1500244140624,336,250,87,22,0.744,0.554,0.333,-0.019,3,1035.0,939.1500244140624,D broken,,,,,,,,,,,,
CHOLAFIN,27-Jun-2025 15:15,1666.5999755859375,01-Aug-2025 11:15,1404.4000244140625,20-Aug-2025 12:15,1536.300048828125,26-Aug-2025 11:15,1470.199951171875,257,172,86,28,0.669,0.503,0.499,-0.011,7,1617.81,1470.199951171875,D broken,,,,,,,,,,,,
ASTERDM,03-Jul-2025 15:15,674.7000122070312,28-Jul-2025 15:15,572.25,18-Aug-2025 12:15,628.5,28-Aug-2025 09:15,587.0,215,120,96,47,0.558,0.549,0.262,0.001,10,663.26,587.0,D broken,,,,,,,,,,,,
TATACONSUM,30-Apr-2025 09:15,1180.5,07-Aug-2025 13:15,1039.0999755859375,20-Aug-2025 15:15,1106.9000244140625,29-Aug-2025 09:15,1056.0999755859375,553,495,59,37,0.895,0.479,0.251,-0.008,4,1148.8,1056.0999755859375,no breakout,,,,,,,,,,,,
POLYMED,21-May-2025 09:15,2527.300048828125,13-Aug-2025 12:15,1821.5,04-Sep-2025 09:15,2144.89990234375,10-Sep-2025 13:15,1939.300048828125,519,424,96,33,0.817,0.458,0.364,0.002,4,2344.76,1939.300048828125,STOPPED,17-Sep-2025 14:15,18-Sep-2025 09:15,2059.199951171875,3.14,23-Sep-2025 09:15,-5.92,21.0,2.38,0.35,-6.27,5.82,-1.08
MGL,04-Jul-2025 10:15,1586.0,29-Aug-2025 15:15,1245.5,17-Sep-2025 09:15,1376.5,23-Sep-2025 09:15,1298.5999755859375,357,272,86,29,0.762,0.385,0.405,-0.0,3,1457.46,1298.5999755859375,D broken,,,,,,,,,,,,
DLF,09-Jun-2025 09:15,886.0,01-Sep-2025 09:15,737.0999755859375,17-Sep-2025 09:15,794.7000122070312,23-Sep-2025 11:15,756.1500244140625,491,407,85,31,0.829,0.387,0.331,0.014,7,830.3,756.1500244140625,D broken,,,,,,,,,,,,
VGUARD,24-Jul-2025 09:15,409.6000061035156,11-Aug-2025 09:15,348.54998779296875,16-Sep-2025 12:15,380.6000061035156,24-Sep-2025 12:15,361.1000061035156,256,85,172,43,0.332,0.525,0.392,0.008,13,400.41,361.1000061035156,STOPPED,24-Sep-2025 15:15,25-Sep-2025 09:15,388.8999938964844,6.17,26-Sep-2025 11:15,-7.68,9.0,0.41,0.35,-8.03,7.15,-1.12
KOTAKBANK,10-Jul-2025 09:15,448.53997802734375,08-Sep-2025 10:15,386.2999877929688,18-Sep-2025 11:15,412.260009765625,26-Sep-2025 10:15,397.8200073242188,335,282,54,42,0.842,0.417,0.444,0.009,13,428.3,397.8200073242188,D broken,,,,,,,,,,,,
IRFC,09-Jun-2025 12:15,148.9499969482422,29-Aug-2025 09:15,117.4499969482422,18-Sep-2025 09:15,130.85000610351562,26-Sep-2025 14:15,121.55999755859376,494,397,98,48,0.804,0.425,0.307,-0.007,9,139.13,121.55999755859376,no breakout,,,,,,,,,,,,
KIMS,24-Jul-2025 13:15,798.3499755859375,03-Oct-2025 11:15,676.8499755859375,29-Oct-2025 15:15,739.3499755859375,06-Nov-2025 10:15,702.75,453,335,119,31,0.74,0.514,0.414,-0.017,7,777.97,702.75,D broken,,,,,,,,,,,,
CRISIL,16-Jul-2025 09:15,6128.0,30-Sep-2025 14:15,4354.60009765625,27-Oct-2025 09:15,5060.0,10-Nov-2025 09:15,4699.2998046875,479,370,110,64,0.772,0.398,0.489,-0.006,10,5495.94,4699.2998046875,D broken,,,,,,,,,,,,
NH,14-Jul-2025 10:15,2044.0,26-Sep-2025 09:15,1694.0,04-Nov-2025 10:15,1862.4000244140625,12-Nov-2025 10:15,1736.0,534,363,172,36,0.68,0.481,0.249,0.013,5,1966.47,1736.0,TARGET HIT,12-Nov-2025 14:15,17-Nov-2025 09:15,1921.9000244140625,9.38,17-Nov-2025 14:15,4.22,5.0,0.24,0.15,4.07,9.67,0.42
KEI,15-Oct-2025 15:15,4450.0,07-Nov-2025 10:15,3856.800048828125,28-Nov-2025 09:15,4205.89990234375,09-Dec-2025 10:15,3987.0,200,96,105,51,0.48,0.589,0.373,0.001,25,4421.64,3987.0,D broken,,,,,,,,,,,,
KFINTECH,28-Oct-2025 09:15,1214.4000244140625,09-Dec-2025 09:15,1018.0,24-Dec-2025 10:15,1115.800048828125,01-Jan-2026 13:15,1066.0,282,204,79,39,0.723,0.498,0.491,-0.003,15,1176.24,1066.0,D broken,,,,,,,,,,,,
PARADEEP,07-Oct-2025 09:15,201.41000366210935,09-Dec-2025 09:15,148.39999389648438,30-Dec-2025 10:15,170.5,07-Jan-2026 09:15,155.3000030517578,396,297,100,42,0.75,0.417,0.312,0.003,10,184.16,155.3000030517578,D broken,,,,,,,,,,,,
SCI,24-Oct-2025 15:15,280.2900085449219,19-Dec-2025 11:15,203.33999633789065,05-Jan-2026 09:15,237.25999450683597,09-Jan-2026 09:15,214.94000244140625,338,270,69,29,0.799,0.441,0.342,-0.019,5,258.22,214.94000244140625,D broken,,,,,,,,,,,,
SMARTWORKS,04-Nov-2025 09:15,618.1500244140625,09-Dec-2025 09:15,423.1000061035156,02-Jan-2026 09:15,527.4000244140625,09-Jan-2026 09:15,462.6499938964844,288,169,120,36,0.587,0.535,0.379,-0.013,8,591.86,462.6499938964844,D broken,,,,,,,,,,,,
BLUESTARCO,24-Oct-2025 10:15,2032.9000244140625,31-Dec-2025 09:15,1688.0,05-Jan-2026 12:15,1876.9000244140625,13-Jan-2026 10:15,1760.5999755859375,346,322,25,41,0.931,0.548,0.384,0.008,12,1993.64,1760.5999755859375,D broken,,,,,,,,,,,,
HAL,17-Oct-2025 09:15,4977.0,09-Dec-2025 09:15,4187.2998046875,08-Jan-2026 10:15,4578.5,16-Jan-2026 13:15,4370.0,389,241,149,39,0.62,0.495,0.467,-0.004,15,4820.26,4370.0,D broken,,,,,,,,,,,,
JKLAKSHMI,03-Nov-2025 09:15,884.9500122070312,12-Jan-2026 09:15,726.2999877929688,16-Jan-2026 15:15,810.0,21-Jan-2026 13:15,759.5999755859375,364,337,28,20,0.926,0.528,0.398,0.007,7,861.73,759.5999755859375,no breakout,,,,,,,,,,,,
GOODLUCK,03-Oct-2025 09:15,449.6666564941406,27-Jan-2026 10:15,329.1333312988281,04-Feb-2026 11:15,393.0,12-Feb-2026 11:15,358.6666564941406,572,536,37,43,0.937,0.53,0.462,0.028,9,432.47,358.6666564941406,STOPPED,12-Feb-2026 13:15,16-Feb-2026 09:15,383.6000061035156,6.06,05-Mar-2026 11:15,-6.55,86.0,1.96,0.35,-6.9,6.5,-1.06
DLF,29-Oct-2025 13:15,786.5,23-Jan-2026 15:15,586.6500244140625,10-Feb-2026 09:15,676.4500122070312,13-Feb-2026 10:15,623.6500244140625,481,416,66,23,0.865,0.449,0.412,-0.025,4,731.95,623.6500244140625,D broken,,,,,,,,,,,,
LALPATHLAB,19-Nov-2025 09:15,1652.0999755859375,21-Jan-2026 09:15,1345.5,11-Feb-2026 10:15,1474.0,13-Feb-2026 13:15,1389.800048828125,394,302,93,18,0.766,0.419,0.345,-0.016,3,1553.41,1389.800048828125,no breakout,,,,,,,,,,,,
GODREJPROP,27-Oct-2025 11:15,2352.0,27-Jan-2026 12:15,1476.199951171875,18-Feb-2026 14:15,1894.4000244140625,02-Mar-2026 09:15,1675.0,543,436,108,52,0.803,0.478,0.475,-0.036,15,2152.85,1675.0,D broken,,,,,,,,,,,,
M&M,05-Jan-2026 10:15,3839.89990234375,16-Mar-2026 10:15,2896.699951171875,15-Apr-2026 10:15,3301.89990234375,23-Apr-2026 14:15,3032.89990234375,449,323,127,43,0.719,0.43,0.336,-0.025,9,3552.31,3032.89990234375,STOPPED,27-Apr-2026 09:15,29-Apr-2026 09:15,3175.5,2.94,01-Jun-2026 09:15,-5.42,147.0,2.64,0.35,-5.77,4.49,-1.29
IEX,09-Jan-2026 09:15,160.24000549316406,30-Mar-2026 15:15,114.5999984741211,17-Apr-2026 13:15,136.75999450683594,24-Apr-2026 13:15,122.33999633789062,439,364,76,32,0.829,0.486,0.349,0.025,9,150.45,122.33999633789062,no breakout,,,,,,,,,,,,
CANBK,26-Feb-2026 09:15,162.8699951171875,02-Apr-2026 09:15,121.8499984741211,22-Apr-2026 11:15,146.8800048828125,30-Apr-2026 11:15,133.47000122070312,237,155,83,43,0.654,0.61,0.464,0.004,4,162.35,133.47000122070312,D broken,,,,,,,,,,,,
SHREECEM,06-Jan-2026 11:15,28075.0,23-Mar-2026 14:15,22560.0,21-Apr-2026 10:15,25890.0,30-Apr-2026 11:15,23800.0,466,355,112,51,0.762,0.604,0.372,0.03,11,27947.94,23800.0,STOPPED,06-May-2026 14:15,07-May-2026 09:15,25760.0,2.79,08-Jun-2026 09:15,-7.69,147.0,1.12,0.35,-8.04,7.61,-1.06
APOLLOTYRE,11-Feb-2026 09:15,523.2000122070312,16-Mar-2026 10:15,393.4500122070313,17-Apr-2026 11:15,448.9500122070313,30-Apr-2026 13:15,407.2999877929688,297,156,142,62,0.525,0.428,0.25,0.019,14,483.25,407.2999877929688,D broken,,,,,,,,,,,,
UNOMINDA,05-Jan-2026 10:15,1354.800048828125,16-Mar-2026 10:15,994.0,29-Apr-2026 09:15,1164.0,05-May-2026 12:15,1067.0,514,323,192,25,0.628,0.471,0.429,0.022,3,1269.06,1067.0,no breakout,,,,,,,,,,,,
ABFRL,02-Jan-2026 14:15,78.80000305175781,30-Mar-2026 15:15,53.72999954223633,07-May-2026 12:15,69.08000183105469,18-May-2026 10:15,60.52000045776367,556,395,162,48,0.71,0.612,0.442,0.047,12,78.57,60.52000045776367,no breakout,,,,,,,,,,,,
SHREECEM,06-Jan-2026 11:15,28075.0,23-Mar-2026 14:15,22560.0,07-May-2026 12:15,25960.0,18-May-2026 10:15,24160.0,545,355,191,48,0.651,0.617,0.471,0.036,17,28061.2,24160.0,D broken,,,,,,,,,,,,
SONATSOFTW,07-Jan-2026 14:15,374.3999938964844,30-Mar-2026 15:15,208.3000030517578,08-May-2026 13:15,307.75,18-May-2026 10:15,252.5,542,373,170,40,0.688,0.599,0.444,0.088,6,369.21,252.5,STOPPED,18-May-2026 15:15,19-May-2026 09:15,268.5,3.29,01-Oct-2026 12:15,-6.03,661.0,6.29,0.35,-6.38,5.96,-1.07
M&MFIN,10-Feb-2026 12:15,396.8999938964844,07-Apr-2026 13:15,272.79998779296875,08-May-2026 13:15,340.8999938964844,22-May-2026 09:15,294.3500061035156,397,254,144,67,0.64,0.549,0.316,0.023,11,382.99,294.3500061035156,no breakout,,,,,,,,,,,,
AMBER,07-May-2026 10:15,8973.0,20-May-2026 10:15,6941.0,19-Jun-2026 09:15,8150.0,29-Jun-2026 15:15,7400.5,210,64,147,42,0.305,0.595,0.38,-0.037,14,8897.16,7400.5,D broken,,,,,,,,,,,,
HINDUNILVR,22-Apr-2026 12:15,2408.0,02-Jun-2026 11:15,2066.0,03-Jul-2026 09:15,2238.800048828125,08-Jul-2026 15:15,2130.0,341,189,153,28,0.554,0.505,0.37,-0.008,9,2345.59,2130.0,D broken,,,,,,,,,,,,
GILLETTE,27-May-2026 13:15,8430.0,29-Jun-2026 13:15,7500.5,13-Jul-2026 09:15,7955.0,17-Jul-2026 11:15,7712.0,214,148,67,31,0.692,0.489,0.465,0.004,8,8235.88,7712.0,no breakout,,,,,,,,,,,,
GLENMARK,29-Apr-2026 09:15,2471.199951171875,12-Jun-2026 09:15,2117.10009765625,14-Jul-2026 09:15,2325.699951171875,22-Jul-2026 09:15,2167.0,358,211,148,43,0.589,0.589,0.239,0.005,5,2454.61,2167.0,no breakout,,,,,,,,,,,,
BLUESTARCO,28-Apr-2026 09:15,1928.0,02-Jun-2026 09:15,1515.5999755859375,15-Jul-2026 09:15,1763.0,24-Jul-2026 09:15,1601.5,372,162,211,50,0.435,0.6,0.347,0.025,11,1915.89,1601.5,no breakout,,,,,,,,,,,,
UPL,11-May-2026 14:15,682.5999755859375,01-Jul-2026 14:15,563.2999877929688,16-Jul-2026 15:15,629.0,24-Jul-2026 09:15,595.0499877929688,324,246,79,37,0.759,0.551,0.483,0.007,9,669.6,595.0499877929688,no breakout,,,,,,,,,,,,
PFC,07-May-2026 09:15,467.1499938964844,09-Jul-2026 10:15,399.0499877929688,29-Jul-2026 11:15,431.2999877929688,05-Aug-2026 11:15,414.6000061035156,402,303,100,34,0.754,0.474,0.482,-0.018,6,451.23,414.6000061035156,D broken,,,,,,,,,,,,
AWL,07-May-2026 11:15,216.0,29-Jun-2026 13:15,179.77000427246094,07-Aug-2026 09:15,201.47000122070312,19-Aug-2026 13:15,187.83999633789065,447,248,200,61,0.555,0.599,0.372,0.014,17,214.88,187.83999633789065,D broken,,,,,,,,,,,,
AXISBANK,25-Jun-2026 10:15,1400.0999755859375,14-Aug-2026 10:15,1208.800048828125,31-Aug-2026 15:15,1300.0,09-Sep-2026 09:15,1234.800048828125,324,245,80,42,0.756,0.477,0.285,0.011,17,1356.36,1234.800048828125,D broken,,,,,,,,,,,,
HDFCBANK,07-Jul-2026 09:15,841.25,11-Sep-2026 09:15,682.0999755859375,22-Sep-2026 09:15,749.2999877929688,29-Sep-2026 09:15,706.25,377,335,43,36,0.889,0.422,0.359,-0.003,6,790.83,706.25,WATCH,,,,,,,,,,,,
