symbol,entry,exit_date,status,position_rs,net_return_pct,pnl_rs,equity_rs
LICI,23-Apr-2024 09:15,07-May-2024 10:15,STOPPED,72674,-8.0,-5814,494186
USHAMART,20-Sep-2024 09:15,11-Oct-2024 10:15,TARGET HIT,114660,20.55,23563,517749
LUPIN,03-Apr-2025 09:15,07-Apr-2025 09:15,STOPPED,67503,-9.31,-6285,511464
POLYMED,18-Sep-2025 09:15,23-Sep-2025 09:15,STOPPED,87880,-6.27,-5510,505954
VGUARD,25-Sep-2025 09:15,26-Sep-2025 11:15,STOPPED,70763,-8.03,-5682,500272
NH,17-Nov-2025 09:15,17-Nov-2025 14:15,TARGET HIT,51734,4.07,2106,502377
GOODLUCK,16-Feb-2026 09:15,05-Mar-2026 11:15,STOPPED,77289,-6.9,-5333,497045
M&M,29-Apr-2026 09:15,01-Jun-2026 09:15,STOPPED,110700,-5.77,-6387,490657
SHREECEM,07-May-2026 09:15,08-Jun-2026 09:15,STOPPED,64475,-8.04,-5184,485473
SONATSOFTW,19-May-2026 09:15,01-Oct-2026 12:15,STOPPED,81455,-6.38,-5197,480276
