rsi,t1,stop,regime,brok,per,cagr,dd,trades,win,avg,pf
5,1,2,half,20,IS,-8.66,-25.62,644,50.3,-0.351,0.66
5,1,2,half,20,OOS,-13.02,-28.04,645,48.1,-0.397,0.55
5,1,2,half,0,IS,-5.45,-19.97,651,64.4,-0.189,0.78
5,1,2,half,0,OOS,-8.37,-20.54,652,65.8,-0.177,0.7
5,1,2,skip,20,IS,-8.18,-24.47,577,53.0,-0.33,0.67
5,1,2,skip,20,OOS,-10.59,-22.84,367,58.0,-0.442,0.55
5,1,2,skip,0,IS,-5.18,-19.05,577,65.2,-0.171,0.78
5,1,2,skip,0,OOS,-7.95,-17.74,372,66.1,-0.291,0.66
5,1,3,half,20,IS,-7.27,-21.15,619,41.5,-0.447,0.58
5,1,3,half,20,OOS,-6.74,-15.63,612,42.6,-0.368,0.61
5,1,3,half,0,IS,-4.0,-15.89,621,62.6,-0.177,0.75
5,1,3,half,0,OOS,-3.05,-9.23,613,63.5,-0.1,0.81
5,1,3,skip,20,IS,-6.67,-19.66,548,43.2,-0.396,0.59
5,1,3,skip,20,OOS,-4.87,-12.58,351,49.6,-0.352,0.63
5,1,3,skip,0,IS,-3.77,-15.13,550,64.4,-0.154,0.75
5,1,3,skip,0,OOS,-2.81,-8.97,351,66.1,-0.179,0.78
5,2,2,half,20,IS,-7.64,-27.95,570,67.0,-0.345,0.75
5,2,2,half,20,OOS,-7.68,-20.61,550,65.8,-0.252,0.76
5,2,2,half,0,IS,-4.36,-24.12,574,69.0,-0.156,0.85
5,2,2,half,0,OOS,-4.52,-15.73,550,68.9,-0.074,0.86
5,2,2,skip,20,IS,-6.32,-24.78,512,67.6,-0.242,0.78
5,2,2,skip,20,OOS,-5.6,-14.64,320,67.2,-0.179,0.78
5,2,2,skip,0,IS,-3.59,-21.66,515,68.9,-0.076,0.87
5,2,2,skip,0,OOS,-3.95,-11.57,320,68.8,-0.071,0.84
5,2,3,half,20,IS,-3.66,-18.44,529,65.0,-0.197,0.79
5,2,3,half,20,OOS,-4.53,-12.88,508,61.6,-0.275,0.77
5,2,3,half,0,IS,-1.11,-15.56,529,69.0,0.031,0.93
5,2,3,half,0,OOS,-1.51,-7.93,510,67.6,-0.017,0.92
5,2,3,skip,20,IS,-3.27,-17.19,475,66.3,-0.129,0.8
5,2,3,skip,20,OOS,-2.65,-8.98,298,67.1,-0.151,0.82
5,2,3,skip,0,IS,-1.02,-14.87,475,68.8,0.075,0.94
5,2,3,skip,0,OOS,-0.96,-7.13,298,68.8,0.011,0.93
5,3,2,half,20,IS,-4.83,-24.5,538,65.2,-0.197,0.85
5,3,2,half,20,OOS,-8.75,-21.6,508,63.4,-0.312,0.75
5,3,2,half,0,IS,-2.39,-22.23,538,66.7,-0.05,0.92
5,3,2,half,0,OOS,-5.99,-17.09,508,65.0,-0.146,0.83
5,3,2,skip,20,IS,-4.37,-22.73,485,64.9,-0.131,0.85
5,3,2,skip,20,OOS,-6.6,-15.58,294,64.6,-0.231,0.76
5,3,2,skip,0,IS,-2.17,-20.88,485,66.2,0.001,0.93
5,3,2,skip,0,OOS,-5.05,-12.5,294,65.0,-0.13,0.81
5,3,3,half,20,IS,-1.83,-17.39,501,65.5,0.004,0.9
5,3,3,half,20,OOS,-5.04,-12.7,466,62.0,-0.36,0.76
5,3,3,half,0,IS,0.44,-14.8,501,67.1,0.215,1.02
5,3,3,half,0,OOS,-2.44,-9.04,467,64.7,-0.123,0.88
5,3,3,skip,20,IS,-1.75,-16.82,451,65.2,0.046,0.9
5,3,3,skip,20,OOS,-2.92,-9.25,271,66.4,-0.197,0.82
5,3,3,skip,0,IS,0.3,-14.66,451,66.5,0.236,1.02
5,3,3,skip,0,OOS,-1.45,-7.69,271,66.8,-0.051,0.91
5,off,2,half,20,IS,-2.56,-22.95,497,60.0,0.007,0.92
5,off,2,half,20,OOS,-8.83,-22.91,465,56.6,-0.378,0.76
5,off,2,half,0,IS,-0.76,-21.11,497,61.0,0.117,0.98
5,off,2,half,0,OOS,-6.94,-20.05,468,57.9,-0.232,0.81
5,off,2,skip,20,IS,-2.45,-22.17,451,60.1,0.096,0.92
5,off,2,skip,20,OOS,-6.55,-16.03,274,58.8,-0.284,0.77
5,off,2,skip,0,IS,-0.82,-20.54,451,61.0,0.195,0.97
5,off,2,skip,0,OOS,-5.39,-13.72,277,59.2,-0.181,0.81
5,off,3,half,20,IS,-2.69,-18.91,461,59.4,-0.096,0.88
5,off,3,half,20,OOS,-4.81,-13.3,426,56.1,-0.346,0.79
5,off,3,half,0,IS,-1.13,-17.22,461,60.7,0.063,0.95
5,off,3,half,0,OOS,-2.98,-10.96,425,58.1,-0.179,0.86
5,off,3,skip,20,IS,-2.46,-17.97,420,59.5,0.011,0.88
5,off,3,skip,20,OOS,-2.88,-9.78,253,60.5,-0.203,0.83
5,off,3,skip,0,IS,-0.96,-16.39,420,60.7,0.155,0.95
5,off,3,skip,0,OOS,-1.82,-9.1,253,60.9,-0.087,0.89
2,1,2,half,20,IS,0.55,-6.83,264,61.0,0.127,1.06
2,1,2,half,20,OOS,-5.11,-11.5,243,50.6,-0.321,0.53
2,1,2,half,0,IS,1.83,-5.83,264,71.6,0.283,1.22
2,1,2,half,0,OOS,-3.57,-9.05,243,62.6,-0.147,0.65
2,1,2,skip,20,IS,0.7,-6.15,228,66.2,0.211,1.08
2,1,2,skip,20,OOS,-4.83,-10.76,133,56.4,-0.522,0.45
2,1,2,skip,0,IS,1.76,-5.58,228,73.7,0.343,1.22
2,1,2,skip,0,OOS,-3.97,-9.77,133,60.9,-0.402,0.53
2,1,3,half,20,IS,-0.19,-6.07,260,52.7,0.024,0.97
2,1,3,half,20,OOS,-2.43,-5.96,237,43.5,-0.293,0.58
2,1,3,half,0,IS,1.06,-5.25,260,70.4,0.255,1.19
2,1,3,half,0,OOS,-1.0,-4.81,237,63.3,-0.036,0.81
2,1,3,skip,20,IS,-0.0,-5.45,224,56.7,0.125,1.0
2,1,3,skip,20,OOS,-2.03,-6.11,130,49.2,-0.385,0.54
2,1,3,skip,0,IS,1.05,-5.04,224,72.8,0.319,1.2
2,1,3,skip,0,OOS,-1.25,-5.29,130,63.1,-0.214,0.7
2,2,2,half,20,IS,2.11,-8.67,243,75.3,0.241,1.21
2,2,2,half,20,OOS,-1.36,-7.95,212,69.3,0.046,0.88
2,2,2,half,0,IS,3.25,-8.14,243,76.1,0.384,1.33
2,2,2,half,0,OOS,-0.06,-7.03,212,71.2,0.203,0.99
2,2,2,skip,20,IS,2.77,-6.65,215,76.7,0.472,1.3
2,2,2,skip,20,OOS,-1.45,-8.09,116,69.0,-0.06,0.83
2,2,2,skip,0,IS,3.78,-6.36,215,77.7,0.597,1.41
2,2,2,skip,0,OOS,-0.79,-7.47,116,70.7,0.046,0.9
2,2,3,half,20,IS,1.05,-6.2,237,73.4,0.235,1.16
2,2,3,half,20,OOS,-0.29,-5.17,203,68.0,0.048,0.95
2,2,3,half,0,IS,2.15,-5.68,237,77.2,0.449,1.34
2,2,3,half,0,OOS,0.89,-4.23,203,71.9,0.286,1.15
2,2,3,skip,20,IS,1.38,-5.13,210,76.7,0.384,1.22
2,2,3,skip,20,OOS,-0.17,-5.11,111,71.2,0.02,0.96
2,2,3,skip,0,IS,2.32,-4.88,210,78.6,0.57,1.38
2,2,3,skip,0,OOS,0.46,-4.44,111,72.1,0.176,1.11
2,3,2,half,20,IS,5.34,-8.23,232,74.6,0.638,1.52
2,3,2,half,20,OOS,0.06,-7.84,204,66.7,0.224,1.0
2,3,2,half,0,IS,6.34,-7.88,232,75.9,0.767,1.63
2,3,2,half,0,OOS,1.13,-6.99,204,67.2,0.366,1.1
2,3,2,skip,20,IS,6.11,-5.8,207,76.3,0.916,1.65
2,3,2,skip,20,OOS,-0.85,-8.53,112,66.1,0.032,0.91
2,3,2,skip,0,IS,6.99,-5.63,207,77.3,1.026,1.75
2,3,2,skip,0,OOS,-0.2,-7.93,112,67.0,0.125,0.98
2,3,3,half,20,IS,3.07,-6.27,224,75.4,0.577,1.46
2,3,3,half,20,OOS,0.58,-5.16,194,66.5,0.243,1.09
2,3,3,half,0,IS,4.11,-5.92,224,76.8,0.777,1.63
2,3,3,half,0,OOS,1.61,-4.39,194,68.0,0.454,1.25
2,3,3,skip,20,IS,3.51,-5.01,202,76.7,0.806,1.57
2,3,3,skip,20,OOS,0.25,-5.41,107,67.3,0.149,1.05
2,3,3,skip,0,IS,4.41,-4.72,202,77.7,0.985,1.73
2,3,3,skip,0,OOS,0.8,-4.87,107,68.2,0.292,1.16
2,off,2,half,20,IS,6.08,-8.69,224,67.4,0.887,1.48
2,off,2,half,20,OOS,-1.24,-7.72,193,62.7,0.082,0.91
2,off,2,half,0,IS,6.82,-8.28,224,68.8,0.982,1.54
2,off,2,half,0,OOS,-0.22,-7.05,193,63.2,0.196,0.98
2,off,2,skip,20,IS,6.8,-6.92,199,69.3,1.181,1.57
2,off,2,skip,20,OOS,-1.98,-8.86,106,60.4,-0.232,0.82
2,off,2,skip,0,IS,7.45,-6.64,199,70.4,1.263,1.63
2,off,2,skip,0,OOS,-1.53,-8.39,106,61.3,-0.157,0.86
2,off,3,half,20,IS,2.85,-6.99,217,67.3,0.738,1.31
2,off,3,half,20,OOS,0.32,-5.04,183,62.3,0.193,1.04
2,off,3,half,0,IS,3.59,-6.34,217,69.6,0.885,1.4
2,off,3,half,0,OOS,1.15,-4.4,183,63.9,0.358,1.16
2,off,3,skip,20,IS,3.22,-5.77,195,69.2,0.96,1.37
2,off,3,skip,20,OOS,-0.09,-5.61,102,61.8,-0.022,0.98
2,off,3,skip,0,IS,3.88,-5.28,195,70.8,1.089,1.46
2,off,3,skip,0,OOS,0.33,-5.2,102,62.7,0.089,1.06
