strategy,symbol,industry,signal_date,entry_date,exit_date,days_held,entry,exit,qty,invested,pnl,return_pct,exit_reason
S2,RPOWER,Power/Utilities,2021-08-03,2021-08-04,2021-08-04,1,13.66,12.64,3643,49834.43,-3860.78,-7.75,close below 50 SMA
S2,INDIANB,Financials/NBFC,2021-08-03,2021-08-04,2021-08-05,2,123.63,117.51,402,49781.49,-2629.0,-5.28,close below 50 SMA
S2,PNBHOUSING,Financials/NBFC,2021-08-04,2021-08-05,2021-08-06,2,616.58,576.53,79,48791.08,-3331.95,-6.83,close below 50 SMA
S2,CONCOR,Capital Goods,2021-08-02,2021-08-03,2021-08-09,5,646.62,624.9,77,49872.02,-1843.92,-3.7,close below 50 SMA
S2,FSL,IT,2021-08-03,2021-08-04,2021-08-10,4,188.36,168.14,264,49808.84,-5504.86,-11.05,stop
S2,JASH,Capital Goods,2021-08-03,2021-08-04,2021-08-11,5,112.45,101.23,442,49785.86,-5129.94,-10.3,stop
S2,TATAELXSI,IT,2021-08-03,2021-08-04,2021-08-11,5,4132.77,3915.62,12,49675.64,-2776.36,-5.59,stop
S2,TTML,Telecom/Media,2021-08-02,2021-08-03,2021-08-16,10,41.77,37.98,1193,49915.37,-4690.52,-9.4,close below 50 SMA
S2,CCL,FMCG/Consumer,2021-08-06,2021-08-09,2021-08-20,8,406.62,366.36,119,48468.2,-4955.5,-10.22,stop (gap)
S2,KEI,Capital Goods,2021-08-09,2021-08-10,2021-08-20,8,736.97,702.9,66,48721.43,-2417.89,-4.96,close below 50 SMA
S2,ADANIENT,Capital Goods,2021-08-18,2021-08-20,2021-08-20,1,1435.51,1426.2,30,43140.12,-437.95,-1.02,close below 50 SMA
S2,LAURUSLABS,Pharma/Healthcare,2021-08-02,2021-08-03,2021-08-23,13,648.03,636.02,76,49331.93,-1083.94,-2.2,stop
S2,NAVINFLUOR,Chemicals/Materials,2021-08-10,2021-08-11,2021-08-23,8,3824.19,3563.18,12,45968.34,-3293.97,-7.17,close below 50 SMA
S2,CAMS,Financials/NBFC,2021-08-16,2021-08-17,2021-08-23,4,596.58,565.5,75,44820.11,-2491.19,-5.56,close below 50 SMA
S2,CYIENT,IT,2021-08-24,2021-08-25,2021-08-30,3,865.45,809.07,43,37282.26,-2567.95,-6.89,stop
S2,TATACHEM,Chemicals/Materials,2021-08-02,2021-08-03,2021-08-31,20,722.68,785.68,68,49224.29,4106.88,8.34,time (20 days)
S2,IIFL,Financials/NBFC,2021-08-11,2021-08-12,2021-09-02,15,290.83,268.51,164,47777.12,-3826.42,-8.01,close below 50 SMA
S2,BSOFT,IT,2021-08-05,2021-08-06,2021-09-03,20,375.66,386.18,129,48541.83,1184.84,2.44,time (20 days)
S2,DEEPAKFERT,Chemicals/Materials,2021-09-02,2021-09-03,2021-09-06,2,409.38,395.13,118,48388.33,-1850.93,-3.83,close below 50 SMA
S2,BLS,IT,2021-08-11,2021-08-12,2021-09-09,20,37.71,59.74,1265,47785.47,27670.23,57.91,time (20 days)
S2,XPROINDIA,Chemicals/Materials,2021-08-12,2021-08-13,2021-09-13,20,192.64,265.16,202,38982.76,14484.17,37.16,time (20 days)
S2,TATASTEEL,Metals/Mining,2021-08-31,2021-09-01,2021-09-17,11,125.21,117.85,390,48914.33,-3041.29,-6.22,stop
S2,SAREGAMA,Telecom/Media,2021-09-03,2021-09-06,2021-09-20,9,310.77,346.34,159,49495.25,5476.05,11.06,stop
S2,HFCL,Telecom/Media,2021-09-06,2021-09-07,2021-09-20,9,72.16,70.01,647,46765.12,-1555.63,-3.33,close below 50 SMA
S2,CGPOWER,Capital Goods,2021-08-23,2021-08-24,2021-09-21,20,83.51,95.28,549,45927.44,6287.11,13.69,time (20 days)
S2,IEX,Power/Utilities,2021-08-23,2021-08-24,2021-09-21,20,129.41,179.69,354,45890.65,17614.48,38.38,time (20 days)
S2,GRAVITA,Chemicals/Materials,2021-08-24,2021-08-25,2021-09-22,20,196.21,189.81,238,46777.59,-1688.79,-3.61,time (20 days)
S2,OLECTRA,Capital Goods,2021-08-24,2021-08-25,2021-09-22,20,306.95,425.4,152,46735.29,17818.92,38.13,time (20 days)
S2,HFCL,Telecom/Media,2021-09-21,2021-09-22,2021-09-24,3,74.39,70.45,715,53273.29,-2994.52,-5.62,close below 50 SMA
S2,BALRAMCHIN,FMCG/Consumer,2021-09-24,2021-09-27,2021-09-27,1,347.65,343.04,154,53624.68,-890.4,-1.66,close below 50 SMA
S2,ANGELONE,Financials/NBFC,2021-08-30,2021-08-31,2021-09-28,20,111.23,116.31,316,35215.33,1460.17,4.15,time (20 days)
S2,GUFICBIO,Pharma/Healthcare,2021-09-22,2021-09-23,2021-10-01,7,198.68,192.34,270,53730.41,-1891.19,-3.52,close below 50 SMA
S2,DCMSHRIRAM,Chemicals/Materials,2021-09-09,2021-09-13,2021-10-08,20,911.12,1138.31,58,52930.99,12983.22,24.53,time (20 days)
S2,FLUOROCHEM,Chemicals/Materials,2021-09-13,2021-09-14,2021-10-11,20,1722.95,2083.18,31,53498.44,10973.83,20.51,time (20 days)
S2,PRESTIGE,Realty,2021-09-21,2021-09-22,2021-10-20,19,422.36,428.7,125,52881.7,610.5,1.15,stop
S2,ACE,Capital Goods,2021-09-22,2021-09-23,2021-10-20,18,266.39,240.15,201,53630.65,-5449.88,-10.16,stop
S2,CDSL,Financials/NBFC,2021-09-27,2021-09-28,2021-10-20,15,635.62,615.16,84,53478.77,-1898.28,-3.55,stop
S2,BLS,IT,2021-09-28,2021-09-29,2021-10-20,14,63.03,55.79,846,53411.82,-6304.25,-11.8,stop
S2,ECLERX,IT,2021-10-11,2021-10-12,2021-10-20,5,788.33,724.19,72,56850.4,-4801.96,-8.45,stop
S2,ALKEM,Pharma/Healthcare,2021-09-21,2021-09-22,2021-10-20,20,3668.02,3631.4,14,51436.73,-689.38,-1.34,time (20 days)
S2,SAREGAMA,Telecom/Media,2021-09-22,2021-09-23,2021-10-21,20,358.18,402.16,149,53456.4,6364.29,11.91,time (20 days)
S2,JSL,Chemicals/Materials,2021-09-22,2021-09-23,2021-10-21,20,160.72,169.37,334,53767.2,2702.95,5.03,time (20 days)
S2,NEWGEN,IT,2021-10-08,2021-10-11,2021-10-21,8,298.94,282.44,188,56291.42,-3287.44,-5.84,close below 50 SMA
S2,HFCL,Telecom/Media,2021-10-04,2021-10-05,2021-10-22,13,77.86,71.14,676,52718.21,-4715.69,-8.95,close below 50 SMA
S2,GOODLUCK,Chemicals/Materials,2021-10-21,2021-10-22,2021-10-28,4,101.29,95.32,529,53671.37,-3340.91,-6.22,stop
S2,NATIONALUM,Chemicals/Materials,2021-10-26,2021-10-27,2021-10-28,1,84.9,76.48,627,53316.88,-5452.05,-10.23,stop
S2,CRISIL,Financials/NBFC,2021-10-25,2021-10-26,2021-10-28,3,2738.11,2610.47,19,52109.44,-2601.41,-4.99,close below 50 SMA
S2,TITAGARH,Capital Goods,2021-10-22,2021-10-25,2021-10-29,4,101.39,94.88,527,53518.54,-3608.19,-6.74,stop
S2,IRCTC,Retail/Services,2021-10-28,2021-10-29,2021-10-29,0,786.01,620.48,65,51174.86,-10924.66,-21.35,stop
S2,CARBORUNIV,Capital Goods,2021-10-21,2021-10-22,2021-10-29,6,872.68,823.26,61,53320.5,-3193.31,-5.99,close below 50 SMA
S2,BSOFT,IT,2021-10-28,2021-10-29,2021-10-29,1,391.51,378.5,131,51372.46,-1879.61,-3.66,close below 50 SMA
S2,ELECON,Capital Goods,2021-10-29,2021-11-01,2021-11-01,1,85.86,80.6,585,50311.41,-3248.52,-6.46,close below 50 SMA
S2,OIL,Oil & Gas,2021-10-29,2021-11-01,2021-11-11,8,115.48,114.12,435,50315.55,-762.85,-1.52,close below 50 SMA
S2,BRIGADE,Realty,2021-10-29,2021-11-01,2021-11-22,13,347.5,324.76,144,50122.79,-3445.77,-6.87,stop
S2,INOXWIND,Capital Goods,2021-10-29,2021-11-01,2021-11-22,13,29.91,30.17,1382,41415.1,196.73,0.48,stop
S2,COFORGE,IT,2021-11-11,2021-11-12,2021-11-22,5,1027.21,1005.1,48,49388.28,-1232.97,-2.5,stop
S2,GRINDWELL,Capital Goods,2021-10-25,2021-10-26,2021-11-24,20,1480.43,1727.76,35,51900.07,8469.49,16.32,time (20 days)
S2,BSE,Financials/NBFC,2021-10-26,2021-10-27,2021-11-25,20,145.4,169.17,366,53301.35,8512.75,15.97,time (20 days)
S2,SOLARINDS,Chemicals/Materials,2021-10-26,2021-10-27,2021-11-25,20,2448.23,2837.21,21,51497.37,7982.87,15.5,time (20 days)
S2,CDSL,Financials/NBFC,2021-10-26,2021-10-27,2021-11-25,20,669.82,699.12,79,53002.2,2131.56,4.02,time (20 days)
S2,KPRMILL,Retail/Services,2021-10-26,2021-10-27,2021-11-25,20,459.13,502.97,116,53345.67,4899.24,9.18,time (20 days)
S2,PERSISTENT,IT,2021-11-23,2021-11-24,2021-11-26,2,2012.01,1874.25,26,52397.9,-3757.31,-7.17,stop
S2,PRESTIGE,Realty,2021-11-25,2021-11-26,2021-11-26,1,459.05,436.01,117,53795.91,-2875.57,-5.35,close below 50 SMA
S2,ZENTEC,IT,2021-11-23,2021-11-24,2021-11-29,3,221.39,203.7,241,53442.51,-4442.17,-8.31,stop
S2,KPRMILL,Retail/Services,2021-11-25,2021-11-26,2021-11-29,1,502.6,459.81,107,53865.21,-4756.21,-8.83,stop
S2,CHAMBLFERT,Chemicals/Materials,2021-10-28,2021-10-29,2021-11-29,20,321.74,325.62,160,51563.54,442.63,0.86,time (20 days)
S2,TEJASNET,Telecom/Media,2021-11-24,2021-11-25,2021-11-29,3,471.34,440.64,112,52876.54,-3614.98,-6.84,close below 50 SMA
S2,BRIGADE,Realty,2021-11-25,2021-11-26,2021-11-29,2,365.48,334.07,147,53812.41,-4794.6,-8.91,close below 50 SMA
S2,REDINGTON,IT,2021-11-26,2021-11-29,2021-11-29,1,125.3,121.35,415,52085.91,-1817.08,-3.49,close below 50 SMA
S2,XPROINDIA,Chemicals/Materials,2021-11-01,2021-11-02,2021-12-01,20,414.53,540.75,113,46921.05,14080.95,30.01,time (20 days)
S2,SOBHA,Realty,2021-11-30,2021-12-01,2021-12-03,3,855.07,812.73,59,50532.63,-2670.53,-5.28,close below 50 SMA
S2,RADICO,FMCG/Consumer,2021-11-30,2021-12-01,2021-12-14,10,1118.27,1058.95,45,50405.23,-2841.33,-5.64,close below 50 SMA
S2,BRIGADE,Realty,2021-11-30,2021-12-01,2021-12-15,11,379.53,348.74,134,50941.42,-4298.14,-8.44,close below 50 SMA
S2,FLUOROCHEM,Chemicals/Materials,2021-11-25,2021-11-26,2021-12-16,14,2110.37,2117.24,25,52845.34,-8.82,-0.02,stop
S2,SOLARINDS,Chemicals/Materials,2021-11-30,2021-12-01,2021-12-16,12,2769.16,2534.37,18,49927.61,-4395.74,-8.8,close below 50 SMA
S2,ABFRL,FMCG/Consumer,2021-12-14,2021-12-15,2021-12-17,3,286.14,269.27,185,53022.85,-3299.92,-6.22,close below 50 SMA
S2,SRF,FMCG/Consumer,2021-12-16,2021-12-17,2021-12-17,1,2195.74,2129.16,23,50585.42,-1705.0,-3.37,close below 50 SMA
S2,IEX,Power/Utilities,2021-12-03,2021-12-06,2021-12-20,10,238.49,230.87,220,52554.16,-1855.74,-3.53,stop (gap)
S2,INOXWIND,Capital Goods,2021-11-23,2021-11-24,2021-12-20,18,32.33,30.35,955,30934.09,-2018.56,-6.53,stop
S2,LTTS,Capital Goods,2021-11-30,2021-12-01,2021-12-20,13,5035.47,4742.23,10,50438.02,-3104.43,-6.15,stop
S2,ZEEL,Telecom/Media,2021-12-01,2021-12-02,2021-12-20,12,317.02,307.86,160,50806.98,-1640.44,-3.23,stop
S2,ZENSARTECH,IT,2021-12-15,2021-12-16,2021-12-20,3,439.45,412.3,118,51940.55,-3379.44,-6.51,close below 50 SMA
S2,MPHASIS,IT,2021-12-17,2021-12-20,2021-12-20,1,2871.86,2760.42,17,48903.09,-2064.11,-4.22,close below 50 SMA
S2,METROPOLIS,Pharma/Healthcare,2021-11-26,2021-11-29,2021-12-24,20,755.32,805.74,68,51446.57,3247.6,6.31,time (20 days)
S2,ABB,Capital Goods,2021-11-29,2021-11-30,2021-12-27,20,2036.44,2120.86,24,48956.14,1852.28,3.78,time (20 days)
S2,HOMEFIRST,Financials/NBFC,2021-12-21,2021-12-22,2021-12-30,6,821.75,758.74,59,48564.55,-3884.64,-8.0,stop
S2,NATIONALUM,Chemicals/Materials,2021-12-21,2021-12-22,2021-12-30,7,79.83,78.62,601,48059.62,-894.78,-1.86,close below 50 SMA
S2,LTM,IT,2021-12-16,2021-12-17,2022-01-11,17,6504.14,6623.99,7,45606.57,673.81,1.48,stop
S2,LTTS,Capital Goods,2021-12-27,2021-12-28,2022-01-18,15,5207.41,5168.48,9,46945.9,-517.33,-1.1,stop
S2,JBMA,Auto,2021-12-21,2021-12-22,2022-01-18,20,219.99,295.53,222,48919.81,16580.62,33.89,time (20 days)
S2,GRAVITA,Chemicals/Materials,2021-12-21,2021-12-22,2022-01-18,20,223.11,324.85,219,48942.9,22086.84,45.13,time (20 days)
S2,SCHAEFFLER,Auto,2021-12-21,2021-12-22,2022-01-18,20,1581.44,1802.03,31,49106.27,6659.1,13.56,time (20 days)
S2,SRF,FMCG/Consumer,2021-12-21,2021-12-22,2022-01-18,20,2140.6,2572.39,22,47172.58,9321.92,19.76,time (20 days)
S2,ASAHIINDIA,FMCG/Consumer,2021-12-21,2021-12-22,2022-01-18,20,476.16,555.32,102,48649.37,7895.48,16.23,time (20 days)
S2,KEI,Capital Goods,2021-12-24,2021-12-27,2022-01-21,20,1138.23,1156.74,43,49025.72,623.13,1.27,time (20 days)
S2,BHARTIARTL,Telecom/Media,2022-01-20,2022-01-21,2022-01-21,1,685.26,670.73,81,55595.28,-1362.1,-2.45,close below 50 SMA
S2,BAJAJHLDNG,Financials/NBFC,2021-12-30,2021-12-31,2022-01-24,16,4793.1,4752.21,10,48011.46,-578.1,-1.2,stop
S2,IRCTC,Retail/Services,2022-01-20,2022-01-21,2022-01-24,1,834.62,792.62,66,55174.17,-2954.76,-5.36,stop
S2,NATIONALUM,Chemicals/Materials,2022-01-20,2022-01-21,2022-01-24,1,89.31,84.35,625,55906.76,-3282.25,-5.87,stop
S2,ESCORTS,Capital Goods,2022-01-21,2022-01-24,2022-01-24,0,1802.04,1775.14,30,54149.04,-989.54,-1.83,stop
S2,BORORENEW,Pharma/Healthcare,2022-01-20,2022-01-21,2022-01-24,2,662.33,609.84,84,55725.4,-4591.04,-8.24,close below 50 SMA
S2,ATGL,Power/Utilities,2022-01-21,2022-01-24,2022-01-25,1,1843.12,1730.05,30,55382.84,-3574.78,-6.45,stop
S2,LINDEINDIA,Chemicals/Materials,2021-12-30,2021-12-31,2022-01-28,20,2476.38,2692.61,20,49609.94,4146.83,8.36,time (20 days)
S2,CGPOWER,Capital Goods,2022-01-27,2022-01-28,2022-01-31,2,185.07,172.34,291,53941.73,-3881.75,-7.2,close below 50 SMA
S2,SIGMAADV,IT,2022-01-19,2022-01-20,2022-02-04,10,71.99,60.07,774,55806.84,-9400.4,-16.84,stop (gap)
S2,BATAINDIA,FMCG/Consumer,2022-01-25,2022-01-27,2022-02-07,8,1810.73,1730.02,29,52597.06,-2517.97,-4.79,close below 50 SMA
S2,OLECTRA,Capital Goods,2022-01-31,2022-02-01,2022-02-08,6,857.74,794.29,62,53266.66,-4111.31,-7.72,close below 50 SMA
S2,UNOMINDA,FMCG/Consumer,2022-02-07,2022-02-08,2022-02-08,1,546.09,506.72,92,50323.84,-3793.63,-7.54,close below 50 SMA
S2,ADANIENSOL,Power/Utilities,2022-01-11,2022-01-12,2022-02-09,20,1880.94,1954.22,26,48986.05,1731.55,3.53,time (20 days)
S2,GMRAIRPORT,Capital Goods,2022-02-09,2022-02-10,2022-02-14,2,44.02,41.08,1180,52031.18,-3647.19,-7.01,stop (gap)
S2,CANBK,Banks,2022-01-25,2022-01-27,2022-02-14,12,36.92,39.7,1441,53288.53,3819.73,7.17,stop
S2,ANURAS,Chemicals/Materials,2022-01-25,2022-01-27,2022-02-14,12,1010.74,931.86,52,52644.27,-4277.27,-8.12,stop
S2,TATAPOWER,Power/Utilities,2022-01-28,2022-01-31,2022-02-14,10,239.8,217.29,225,54043.35,-5243.34,-9.7,stop
S2,BRIGADE,Realty,2022-02-08,2022-02-09,2022-02-14,3,383.23,349.34,134,51437.7,-4713.67,-9.16,stop
S2,SRF,FMCG/Consumer,2022-02-08,2022-02-09,2022-02-14,3,2515.59,2340.58,17,42839.37,-3130.31,-7.31,stop
S2,MINDACORP,FMCG/Consumer,2022-01-25,2022-01-27,2022-02-14,13,195.7,178.17,271,53122.0,-4928.29,-9.28,close below 50 SMA
S2,BHARTIARTL,Telecom/Media,2022-01-25,2022-01-27,2022-02-14,13,682.26,665.37,78,53303.28,-1497.4,-2.81,close below 50 SMA
S2,ZENTEC,IT,2022-02-11,2022-02-14,2022-02-14,1,214.41,206.97,226,48538.14,-1849.9,-3.81,close below 50 SMA
S2,XPROINDIA,Chemicals/Materials,2022-02-03,2022-02-04,2022-02-17,10,700.05,673.73,68,47683.49,-1957.1,-4.1,close below 50 SMA
S2,SRF,FMCG/Consumer,2022-02-15,2022-02-16,2022-02-18,3,2484.12,2348.54,19,47277.86,-2741.43,-5.8,close below 50 SMA
S2,DEEPAKFERT,Chemicals/Materials,2022-02-15,2022-02-16,2022-02-21,3,548.7,508.2,89,48916.23,-3772.8,-7.71,stop
S2,ELGIEQUIP,Capital Goods,2022-02-18,2022-02-21,2022-02-21,0,391.96,346.53,117,45937.36,-5474.63,-11.92,stop
S2,BLS,IT,2022-02-15,2022-02-16,2022-02-21,4,58.14,52.62,840,48920.21,-4806.45,-9.83,close below 50 SMA
S2,TITAN,FMCG/Consumer,2022-02-15,2022-02-16,2022-02-21,4,2470.62,2413.43,19,47021.05,-1252.96,-2.66,close below 50 SMA
S2,ADANIENSOL,Power/Utilities,2022-02-17,2022-02-18,2022-02-21,2,2019.01,1894.95,22,44494.49,-2888.27,-6.49,close below 50 SMA
S2,TMPV,FMCG/Consumer,2022-02-15,2022-02-16,2022-02-22,5,491.26,465.69,99,48715.87,-2699.52,-5.54,close below 50 SMA
S2,COALINDIA,Chemicals/Materials,2022-01-25,2022-01-27,2022-02-23,20,111.02,114.03,479,53262.99,1262.76,2.37,time (20 days)
S2,BDL,Capital Goods,2022-02-14,2022-02-15,2022-02-24,7,224.46,204.67,217,48788.87,-4460.22,-9.14,stop
S2,VTL,Retail/Services,2022-02-15,2022-02-16,2022-02-24,7,496.2,471.66,98,48709.34,-2573.62,-5.28,close below 50 SMA
S2,INGERRAND,Capital Goods,2022-02-15,2022-02-16,2022-02-24,7,1282.9,1161.88,38,48831.73,-4765.6,-9.76,close below 50 SMA
S2,FEDERALBNK,Financials/NBFC,2022-02-21,2022-02-22,2022-02-24,3,93.92,90.08,494,46474.87,-2059.91,-4.43,close below 50 SMA
S2,MINDACORP,FMCG/Consumer,2022-02-23,2022-02-24,2022-02-24,1,182.43,185.1,252,46051.34,507.21,1.1,close below 50 SMA
S2,JSWENERGY,Power/Utilities,2022-02-23,2022-02-24,2022-03-07,7,319.37,304.63,130,41591.12,-2069.28,-4.98,close below 50 SMA
S2,GRAVITA,Chemicals/Materials,2022-02-23,2022-02-24,2022-03-15,13,350.01,335.97,131,45929.37,-2002.47,-4.36,close below 50 SMA
S2,PAGEIND,FMCG/Consumer,2022-03-17,2022-03-21,2022-03-21,1,40620.69,39472.35,1,40692.48,-1300.56,-3.2,close below 50 SMA
S2,GRAVITA,Chemicals/Materials,2022-03-17,2022-03-21,2022-03-22,2,353.86,340.45,129,45725.13,-1891.95,-4.14,close below 50 SMA
S2,PGEL,FMCG/Consumer,2022-03-21,2022-03-22,2022-03-22,1,71.95,68.63,548,39497.22,-1966.18,-4.98,close below 50 SMA
S2,NATIONALUM,Chemicals/Materials,2022-02-22,2022-02-23,2022-03-24,20,96.42,102.52,474,45780.42,2723.39,5.95,time (20 days)
S2,ADANIENSOL,Power/Utilities,2022-02-23,2022-02-24,2022-03-25,20,1991.0,2447.53,23,45870.81,10324.42,22.51,time (20 days)
S2,ADANIPOWER,Power/Utilities,2022-02-23,2022-02-24,2022-03-25,20,22.52,28.63,2044,46111.65,12299.08,26.67,time (20 days)
S2,GRSE,Capital Goods,2022-03-17,2022-03-21,2022-03-25,5,232.04,218.2,198,46021.56,-2902.6,-6.31,close below 50 SMA
S2,INDIANB,Financials/NBFC,2022-03-17,2022-03-21,2022-03-25,5,137.32,129.32,290,39892.91,-2467.71,-6.19,close below 50 SMA
S2,POONAWALLA,Financials/NBFC,2022-03-22,2022-03-23,2022-03-25,3,259.26,250.45,175,45448.36,-1703.87,-3.75,close below 50 SMA
S2,GRAVITA,Chemicals/Materials,2022-03-24,2022-03-25,2022-03-29,3,360.86,337.59,127,45906.67,-3116.07,-6.79,close below 50 SMA
S2,ADANIGREEN,Power/Utilities,2022-03-17,2022-03-21,2022-03-30,7,1940.77,1780.27,23,44714.26,-3850.12,-8.61,stop
S2,ONGC,Oil & Gas,2022-03-17,2022-03-21,2022-03-30,8,133.25,125.6,344,45916.09,-2795.08,-6.09,close below 50 SMA
S2,TATAPOWER,Power/Utilities,2022-03-25,2022-03-28,2022-04-18,13,234.58,254.38,196,46055.96,3710.77,8.06,stop
S2,GRINDWELL,Capital Goods,2022-03-28,2022-03-29,2022-04-18,12,1730.7,1696.27,26,45075.08,-1057.42,-2.35,stop
S2,KPRMILL,Retail/Services,2022-04-18,2022-04-19,2022-04-19,0,664.0,622.73,73,48553.14,-3180.5,-6.55,stop
S2,VEDL,Chemicals/Materials,2022-03-17,2022-03-21,2022-04-19,20,210.13,234.34,218,45886.49,5106.86,11.13,time (20 days)
S2,TRITURBINE,Capital Goods,2022-03-22,2022-03-23,2022-04-21,20,189.28,193.85,189,35840.51,718.99,2.01,time (20 days)
S2,BANKBARODA,Financials/NBFC,2022-03-25,2022-03-28,2022-04-25,18,93.61,94.16,493,46226.38,106.78,0.23,stop
S2,ONGC,Oil & Gas,2022-04-18,2022-04-19,2022-04-25,5,137.6,131.53,353,48652.7,-2311.01,-4.75,close below 50 SMA
S2,TRIDENT,Retail/Services,2022-04-21,2022-04-22,2022-04-25,2,51.89,49.59,925,48079.69,-2292.89,-4.77,close below 50 SMA
S2,TTML,Telecom/Media,2022-04-21,2022-04-22,2022-04-26,2,174.79,154.91,274,47972.14,-5611.33,-11.7,stop
S2,PGEL,FMCG/Consumer,2022-03-25,2022-03-28,2022-04-26,20,71.3,77.12,648,46282.28,3600.65,7.78,time (20 days)
S2,POWERGRID,Power/Utilities,2022-03-28,2022-03-29,2022-04-27,20,133.65,143.17,345,46188.49,3112.89,6.74,time (20 days)
S2,POONAWALLA,Financials/NBFC,2022-03-29,2022-03-30,2022-04-28,20,265.15,309.81,174,46214.3,7596.53,16.44,time (20 days)
S2,PAGEIND,FMCG/Consumer,2022-03-30,2022-03-31,2022-04-29,20,39628.79,43013.73,1,39699.4,3230.23,8.14,time (20 days)
S2,INDIANB,Financials/NBFC,2022-03-30,2022-03-31,2022-04-29,20,134.71,141.96,339,45744.53,2288.99,5.0,time (20 days)
S2,FLUOROCHEM,Chemicals/Materials,2022-04-21,2022-04-22,2022-05-02,7,2889.23,2717.23,13,37628.12,-2380.24,-6.33,close below 50 SMA
S2,ECLERX,IT,2022-04-28,2022-04-29,2022-05-04,2,816.36,753.2,56,45794.08,-3698.16,-8.08,stop
S2,AUBANK,Financials/NBFC,2022-04-28,2022-04-29,2022-05-04,2,706.13,659.26,65,45976.78,-3209.13,-6.98,stop
S2,KEI,Capital Goods,2022-04-28,2022-04-29,2022-05-06,4,1258.3,1147.46,36,45375.96,-4149.91,-9.15,stop
S2,JINDALSTEL,Chemicals/Materials,2022-04-28,2022-04-29,2022-05-06,4,539.78,499.25,85,45959.04,-3606.42,-7.85,stop
S2,DCMSHRIRAM,Chemicals/Materials,2022-04-28,2022-04-29,2022-05-06,4,1144.25,1042.42,40,45847.73,-4233.56,-9.23,stop
S2,THERMAX,Capital Goods,2022-04-28,2022-04-29,2022-05-09,5,2075.72,1940.99,22,45743.65,-3125.7,-6.83,stop
S2,INDHOTEL,FMCG/Consumer,2022-04-28,2022-04-29,2022-05-11,7,245.41,223.62,188,46215.67,-4258.2,-9.21,stop
S2,CREDITACC,Financials/NBFC,2022-07-29,2022-08-01,2022-08-02,2,1032.33,1002.0,42,43433.06,-1432.22,-3.3,close below 50 SMA
S2,CGCL,Banks,2022-08-02,2022-08-03,2022-08-05,3,671.92,654.37,64,43077.6,-1280.55,-2.97,close below 50 SMA
S2,TECHNOE,Capital Goods,2022-08-01,2022-08-02,2022-08-16,8,286.81,268.95,152,43670.2,-2871.72,-6.58,stop
S2,CREDITACC,Financials/NBFC,2022-08-10,2022-08-11,2022-08-17,4,1037.1,999.82,42,43633.41,-1724.11,-3.95,close below 50 SMA
S2,TECHNOE,Capital Goods,2022-08-17,2022-08-18,2022-08-19,2,286.57,274.18,155,44494.21,-2079.3,-4.67,close below 50 SMA
S2,SHRIRAMFIN,Banks,2022-08-08,2022-08-10,2022-08-22,7,259.63,244.04,168,43693.18,-2776.94,-6.36,stop
S2,AIAENG,Capital Goods,2022-07-29,2022-08-01,2022-08-30,20,2365.51,2554.36,18,42653.28,3238.09,7.59,time (20 days)
S2,KSB,Capital Goods,2022-07-29,2022-08-01,2022-08-30,20,289.63,374.59,150,43519.69,12570.58,28.88,time (20 days)
S2,BAJAJ-AUTO,FMCG/Consumer,2022-07-29,2022-08-01,2022-08-30,20,3630.42,3779.35,11,40005.54,1484.75,3.71,time (20 days)
S2,COLPAL,FMCG/Consumer,2022-07-29,2022-08-01,2022-08-30,20,1455.22,1531.44,29,42275.15,2051.07,4.85,time (20 days)
S2,HEROMOTOCO,FMCG/Consumer,2022-07-29,2022-08-01,2022-08-30,20,2466.74,2466.66,17,42007.9,-157.6,-0.38,time (20 days)
S2,SHRIRAMFIN,Banks,2022-08-30,2022-09-01,2022-09-01,1,249.77,247.15,182,45534.93,-640.54,-1.41,close below 50 SMA
S2,SUMICHEM,Chemicals/Materials,2022-08-03,2022-08-04,2022-09-05,20,464.7,467.17,93,43292.23,70.07,0.16,time (20 days)
S2,SOLARINDS,Chemicals/Materials,2022-08-03,2022-08-04,2022-09-05,20,2813.17,3478.9,15,42271.15,9818.69,23.23,time (20 days)
S2,USHAMART,Chemicals/Materials,2022-09-05,2022-09-06,2022-09-13,6,139.39,130.92,338,47193.99,-3028.79,-6.42,close below 50 SMA
S2,WELCORP,Chemicals/Materials,2022-08-16,2022-08-17,2022-09-14,20,219.6,234.56,204,44875.34,2884.99,6.43,time (20 days)
S2,FIEMIND,FMCG/Consumer,2022-09-13,2022-09-14,2022-09-14,1,707.31,720.64,67,47469.83,723.19,1.52,close below 50 SMA
S2,CREDITACC,Financials/NBFC,2022-09-05,2022-09-06,2022-09-15,8,1013.47,992.23,46,46698.71,-1142.88,-2.45,close below 50 SMA
S2,TIMKEN,Capital Goods,2022-08-30,2022-09-01,2022-09-16,11,2990.19,3042.5,15,44929.61,621.09,1.38,stop
S2,POWERINDIA,Capital Goods,2022-08-22,2022-08-23,2022-09-16,18,3525.91,3461.22,12,42384.73,-932.66,-2.2,close below 50 SMA
S2,INDIANB,Financials/NBFC,2022-08-23,2022-08-24,2022-09-21,20,161.07,182.5,254,40984.76,5281.92,12.89,time (20 days)
S2,M&MFIN,FMCG/Consumer,2022-08-30,2022-09-01,2022-09-23,16,187.37,192.79,243,45607.51,1151.27,2.52,stop
S2,CIEINDIA,FMCG/Consumer,2022-09-14,2022-09-15,2022-09-23,7,273.55,252.69,175,47951.84,-3817.08,-7.96,close below 50 SMA
S2,GESHIP,Oil & Gas,2022-09-14,2022-09-15,2022-09-26,7,471.66,435.55,101,47718.18,-3812.7,-7.99,stop
S2,ADANIPOWER,Power/Utilities,2022-09-15,2022-09-16,2022-09-26,6,79.84,74.83,595,47584.69,-3145.47,-6.61,stop
S2,ADANIGREEN,Power/Utilities,2022-09-19,2022-09-20,2022-09-26,4,2371.59,2186.01,20,47511.57,-3876.25,-8.16,stop
S2,SBILIFE,Financials/NBFC,2022-09-19,2022-09-20,2022-09-26,4,1300.8,1247.64,30,39093.98,-1743.14,-4.46,stop
S2,YESBANK,Banks,2022-09-21,2022-09-22,2022-09-26,2,16.86,15.94,2764,46675.56,-2708.24,-5.8,stop
S2,BDL,Capital Goods,2022-09-01,2022-09-02,2022-09-27,17,408.31,407.62,112,45809.04,-242.28,-0.53,stop
S2,LEMONTREE,FMCG/Consumer,2022-08-30,2022-09-01,2022-09-28,20,70.19,84.11,650,45698.02,8875.96,19.42,time (20 days)
S2,EICHERMOT,Auto,2022-08-30,2022-09-01,2022-09-28,20,3099.02,3465.88,14,43461.31,4971.24,11.44,time (20 days)
S2,IGL,Power/Utilities,2022-09-27,2022-09-28,2022-09-30,3,190.3,179.61,236,44988.67,-2683.58,-5.97,close below 50 SMA
S2,TDPOWERSYS,Capital Goods,2022-09-30,2022-10-03,2022-10-17,10,60.29,58.59,755,45597.33,-1447.65,-3.17,close below 50 SMA
S2,TEJASNET,Telecom/Media,2022-09-27,2022-09-28,2022-10-21,16,617.94,657.85,72,44567.96,2708.48,6.08,stop
S2,CGCL,Banks,2022-09-26,2022-09-27,2022-10-25,20,699.13,712.95,64,44820.81,721.14,1.61,time (20 days)
S2,PHOENIXLTD,Realty,2022-10-21,2022-10-24,2022-10-25,2,713.27,686.35,66,47155.1,-1942.15,-4.12,close below 50 SMA
S2,TVSMOTOR,FMCG/Consumer,2022-09-27,2022-09-28,2022-10-27,20,1008.0,1105.6,44,44428.08,4128.35,9.29,time (20 days)
S2,ASTERDM,Pharma/Healthcare,2022-09-27,2022-09-28,2022-10-27,20,184.37,185.4,243,44879.28,85.75,0.19,time (20 days)
S2,EIDPARRY,FMCG/Consumer,2022-09-27,2022-09-28,2022-10-27,20,560.27,599.88,80,44898.14,3002.83,6.69,time (20 days)
S2,TDPOWERSYS,Capital Goods,2022-10-27,2022-10-28,2022-10-31,1,61.77,57.83,767,47458.3,-3186.48,-6.71,stop
S2,BLS,IT,2022-09-30,2022-10-03,2022-11-01,20,139.87,163.21,325,45536.46,7412.59,16.28,time (20 days)
S2,APARINDS,Capital Goods,2022-09-30,2022-10-03,2022-11-01,20,1247.15,1383.39,36,44974.23,4736.67,10.53,time (20 days)
S2,CEATLTD,FMCG/Consumer,2022-09-30,2022-10-03,2022-11-01,20,1509.13,1499.05,30,45351.16,-465.89,-1.03,time (20 days)
S2,DEEPAKFERT,Chemicals/Materials,2022-09-30,2022-10-03,2022-11-01,20,837.82,886.79,53,44480.52,2431.21,5.47,time (20 days)
S2,PATANJALI,Oil & Gas,2022-10-17,2022-10-18,2022-11-04,12,461.23,435.89,96,44354.38,-2592.0,-5.84,stop
S2,TIINDIA,FMCG/Consumer,2022-11-01,2022-11-02,2022-11-10,5,2792.97,2569.91,16,44764.08,-3727.68,-8.33,stop
S2,BAJAJHLDNG,Financials/NBFC,2022-11-01,2022-11-02,2022-11-18,12,6385.31,6250.8,7,44773.77,-1103.08,-2.46,close below 50 SMA
S2,TATAINVEST,Financials/NBFC,2022-10-25,2022-10-27,2022-11-21,17,232.59,225.65,206,47993.17,-1597.23,-3.33,close below 50 SMA
S2,BEL,IT,2022-11-01,2022-11-02,2022-11-21,13,104.2,101.51,449,46866.36,-1375.75,-2.94,close below 50 SMA
S2,JKLAKSHMI,Chemicals/Materials,2022-10-25,2022-10-27,2022-11-24,20,544.23,644.78,79,43068.39,7777.24,18.06,time (20 days)
S2,TVSSRICHAK,FMCG/Consumer,2022-10-27,2022-10-28,2022-11-25,20,2435.02,3088.51,19,46343.94,12237.45,26.41,time (20 days)
S2,PHOENIXLTD,Realty,2022-10-27,2022-10-28,2022-11-25,20,730.16,716.65,64,46808.99,-1030.55,-2.2,time (20 days)
S2,TATAINVEST,Financials/NBFC,2022-11-24,2022-11-25,2022-11-25,1,233.56,230.44,206,48194.63,-813.55,-1.69,close below 50 SMA
S2,AMBUJACEM,Chemicals/Materials,2022-10-31,2022-11-01,2022-11-29,20,526.03,554.92,85,44788.82,2290.81,5.11,time (20 days)
S2,HSCL,Chemicals/Materials,2022-11-25,2022-11-28,2022-11-29,2,102.83,99.85,469,48309.28,-1568.36,-3.25,close below 50 SMA
S2,VBL,FMCG/Consumer,2022-11-01,2022-11-02,2022-11-30,20,219.9,247.34,213,46917.3,5670.97,12.09,time (20 days)
S2,M&M,FMCG/Consumer,2022-11-30,2022-12-01,2022-12-02,2,1268.92,1219.07,39,49570.26,-2115.39,-4.27,close below 50 SMA
S2,APARINDS,Capital Goods,2022-11-04,2022-11-07,2022-12-05,20,1437.14,1523.55,33,47505.64,2680.02,5.64,time (20 days)
S2,AFFLE,Telecom/Media,2022-11-29,2022-11-30,2022-12-07,6,1257.48,1195.85,38,47864.46,-2508.72,-5.24,close below 50 SMA
S2,CGPOWER,Capital Goods,2022-11-10,2022-11-11,2022-12-08,20,255.98,272.66,182,46667.11,2865.43,6.14,time (20 days)
S2,LUMAXTECH,FMCG/Consumer,2022-12-02,2022-12-05,2022-12-09,4,262.32,252.91,190,49923.25,-1959.06,-3.92,stop
S2,HSCL,Chemicals/Materials,2022-12-05,2022-12-06,2022-12-09,4,104.13,99.15,483,50375.83,-2574.03,-5.11,close below 50 SMA
S2,LEMONTREE,FMCG/Consumer,2022-11-25,2022-11-28,2022-12-13,11,94.3,89.37,511,48266.59,-2685.59,-5.56,stop
S2,ATGL,Power/Utilities,2022-12-07,2022-12-08,2022-12-14,5,3757.13,3511.27,13,48924.19,-3364.45,-6.88,close below 50 SMA
S2,CMSINFO,Retail/Services,2022-12-09,2022-12-12,2022-12-15,3,312.11,299.74,155,48458.18,-2085.93,-4.3,stop
S2,TRITURBINE,Capital Goods,2022-11-18,2022-11-21,2022-12-16,20,284.81,287.65,153,43650.5,274.72,0.63,time (20 days)
S2,SAFARI,FMCG/Consumer,2022-12-15,2022-12-16,2022-12-16,1,875.03,854.19,52,45579.14,-1246.87,-2.74,close below 50 SMA
S2,SJVN,Power/Utilities,2022-11-21,2022-11-22,2022-12-19,20,33.89,33.85,1395,47350.59,-215.39,-0.45,time (20 days)
S2,AXISBANK,Financials/NBFC,2022-11-21,2022-11-22,2022-12-19,20,872.4,942.5,51,44568.87,3409.36,7.65,time (20 days)
S2,INDHOTEL,FMCG/Consumer,2022-12-09,2022-12-12,2022-12-20,7,325.9,320.24,148,48313.48,-1006.14,-2.08,close below 50 SMA
S2,FEDERALBNK,Financials/NBFC,2022-12-08,2022-12-09,2022-12-21,9,133.39,127.88,370,49434.94,-2208.08,-4.47,close below 50 SMA
S2,COCHINSHIP,Capital Goods,2022-12-13,2022-12-14,2022-12-21,6,304.39,286.37,155,47260.02,-2958.59,-6.26,close below 50 SMA
S2,TARIL,Capital Goods,2022-12-14,2022-12-15,2022-12-21,5,30.91,28.74,1473,45610.13,-3361.26,-7.37,close below 50 SMA
S2,JKTYRE,FMCG/Consumer,2022-11-25,2022-11-28,2022-12-22,18,167.79,178.76,287,48237.57,2972.86,6.16,stop
S2,RAILTEL,Telecom/Media,2022-12-16,2022-12-19,2022-12-22,3,129.94,117.87,369,48029.19,-4618.52,-9.62,stop
S2,IRCON,Capital Goods,2022-12-19,2022-12-20,2022-12-22,2,57.69,52.84,840,48542.47,-4244.98,-8.74,stop
S2,CCL,FMCG/Consumer,2022-12-21,2022-12-22,2022-12-22,0,506.2,487.92,92,46648.87,-1846.05,-3.96,stop
S2,VIJAYA,Pharma/Healthcare,2022-12-21,2022-12-22,2022-12-22,0,483.28,433.0,96,46473.31,-4987.43,-10.73,stop
S2,CANBK,Banks,2022-12-20,2022-12-21,2022-12-23,2,56.7,53.59,833,47309.94,-2755.78,-5.82,stop (gap)
S2,KALYANKJIL,Metals/Mining,2022-11-30,2022-12-01,2022-12-23,16,105.71,113.4,471,49871.63,3446.75,6.91,stop
S2,IRFC,Financials/NBFC,2022-12-19,2022-12-20,2022-12-23,3,31.23,29.15,1304,40800.47,-2861.39,-7.01,stop
S2,ASTERDM,Pharma/Healthcare,2022-12-22,2022-12-23,2022-12-23,1,178.63,170.15,253,45270.55,-2307.32,-5.1,close below 50 SMA
S2,TIINDIA,FMCG/Consumer,2022-12-19,2022-12-20,2022-12-26,5,2919.42,2744.82,16,46789.76,-2957.74,-6.32,close below 50 SMA
S2,INDIANB,Financials/NBFC,2022-12-26,2022-12-27,2023-01-18,17,264.53,253.95,169,44782.19,-1948.92,-4.35,close below 50 SMA
S2,APOLLOTYRE,FMCG/Consumer,2022-12-26,2022-12-27,2023-01-20,18,307.49,299.83,145,44662.7,-1272.58,-2.85,stop
S2,YESBANK,Banks,2022-12-26,2022-12-27,2023-01-20,18,20.21,19.98,2003,40552.45,-607.79,-1.5,stop
S2,USHAMART,Chemicals/Materials,2022-12-23,2022-12-26,2023-01-20,20,141.38,194.88,312,44186.66,16512.19,37.37,time (20 days)
S2,BANKINDIA,Financials/NBFC,2022-12-26,2022-12-27,2023-01-23,19,79.41,76.96,565,44945.49,-1547.92,-3.44,stop
S2,J&KBANK,Financials/NBFC,2022-12-26,2022-12-27,2023-01-23,20,53.9,51.89,832,44923.8,-1834.34,-4.08,time (20 days)
S2,RHIM,Chemicals/Materials,2022-12-26,2022-12-27,2023-01-23,20,796.67,838.67,56,44690.26,2187.0,4.89,time (20 days)
S2,GRAVITA,Chemicals/Materials,2022-12-26,2022-12-27,2023-01-23,20,419.08,454.46,107,44917.92,3619.42,8.06,time (20 days)
S2,RKFORGE,Auto,2022-12-26,2022-12-27,2023-01-23,20,252.38,278.33,177,44747.59,4425.83,9.89,time (20 days)
S2,REDINGTON,IT,2022-12-26,2022-12-27,2023-01-23,20,165.07,168.85,271,44811.79,859.21,1.92,time (20 days)
S2,GRSE,Capital Goods,2023-01-20,2023-01-23,2023-01-23,1,480.29,472.89,96,46185.81,-874.97,-1.89,close below 50 SMA
S2,KIRLOSENG,Capital Goods,2023-01-23,2023-01-24,2023-01-24,0,321.88,302.11,143,46107.17,-2990.18,-6.49,stop
S2,KPIL,Power/Utilities,2023-01-20,2023-01-23,2023-01-24,2,534.75,499.92,86,46066.59,-3157.64,-6.85,close below 50 SMA
S2,WABAG,Power/Utilities,2023-01-23,2023-01-24,2023-01-24,1,331.4,323.31,139,46143.26,-1288.63,-2.79,close below 50 SMA
S2,TATACOMM,Telecom/Media,2023-01-23,2023-01-24,2023-01-25,1,1307.93,1249.27,35,45855.53,-2216.07,-4.83,stop
S2,MANAPPURAM,Financials/NBFC,2023-01-23,2023-01-24,2023-01-25,2,111.85,108.08,414,46385.48,-1724.91,-3.72,close below 50 SMA
S2,ZYDUSLIFE,Pharma/Healthcare,2023-01-23,2023-01-24,2023-01-27,2,432.68,413.38,107,46375.78,-2229.81,-4.81,stop
S2,APOLLOTYRE,FMCG/Consumer,2023-01-24,2023-01-25,2023-01-27,1,306.92,293.09,146,44886.7,-2178.74,-4.85,stop
S2,CCL,FMCG/Consumer,2023-01-20,2023-01-23,2023-01-27,4,518.75,502.09,88,45727.85,-1629.01,-3.56,close below 50 SMA
S2,KARURVYSYA,Financials/NBFC,2023-01-23,2023-01-24,2023-01-27,3,87.25,83.18,531,46410.83,-2325.61,-5.01,close below 50 SMA
S2,INDIANB,Financials/NBFC,2023-01-24,2023-01-25,2023-01-27,2,264.89,255.53,170,45108.7,-1752.79,-3.89,close below 50 SMA
S2,KPITTECH,IT,2023-01-24,2023-01-25,2023-01-27,2,683.63,679.58,65,44512.18,-424.54,-0.95,close below 50 SMA
S2,FACT,Chemicals/Materials,2023-01-23,2023-01-24,2023-01-30,3,330.48,284.52,140,46345.0,-6593.05,-14.23,stop
S2,MAXHEALTH,Pharma/Healthcare,2023-01-27,2023-01-30,2023-01-30,1,449.88,436.76,96,43262.84,-1416.66,-3.27,close below 50 SMA
S2,INDIANB,Financials/NBFC,2023-01-30,2023-01-31,2023-02-01,1,269.06,250.12,159,42854.81,-3166.77,-7.39,stop
S2,GICRE,Financials/NBFC,2023-01-30,2023-01-31,2023-02-01,1,162.82,148.46,263,42896.43,-3932.45,-9.17,stop
S2,J&KBANK,Financials/NBFC,2023-01-31,2023-02-01,2023-02-01,0,53.19,47.85,809,43101.99,-4468.16,-10.37,stop
S2,TVSMOTOR,FMCG/Consumer,2023-01-27,2023-01-30,2023-02-01,3,1034.32,1001.19,41,42481.13,-1514.45,-3.56,close below 50 SMA
S2,KALYANKJIL,Metals/Mining,2023-01-31,2023-02-01,2023-02-01,1,117.92,110.98,364,42995.85,-2678.78,-6.23,close below 50 SMA
S2,TITAGARH,Capital Goods,2023-01-31,2023-02-01,2023-02-02,2,228.3,205.36,188,42994.5,-4465.93,-10.39,close below 50 SMA
S2,TVSSRICHAK,FMCG/Consumer,2023-01-18,2023-01-19,2023-02-03,10,3324.95,3102.66,12,39970.31,-2816.45,-7.05,stop
S2,RVNL,Cement/Construction,2023-01-31,2023-02-01,2023-02-03,2,74.78,68.66,575,43074.5,-3674.23,-8.53,stop
S2,JINDALSTEL,Chemicals/Materials,2023-02-01,2023-02-02,2023-02-06,2,601.88,549.98,68,41000.17,-3679.84,-8.98,stop
S2,BAJAJHLDNG,Financials/NBFC,2023-02-01,2023-02-02,2023-02-06,3,5801.8,5625.97,7,40684.36,-1382.93,-3.4,close below 50 SMA
S2,KALYANKJIL,Metals/Mining,2023-02-06,2023-02-07,2023-02-07,1,120.58,116.22,336,40588.03,-1618.76,-3.99,close below 50 SMA
S2,KARURVYSYA,Financials/NBFC,2023-02-07,2023-02-08,2023-02-08,1,85.54,83.94,455,38990.45,-876.59,-2.25,close below 50 SMA
S2,RBLBANK,Financials/NBFC,2023-02-08,2023-02-09,2023-02-13,3,162.86,162.99,233,38013.96,-116.92,-0.31,close below 50 SMA
S2,BHARATFORG,Chemicals/Materials,2023-02-13,2023-02-14,2023-02-15,1,869.61,826.65,43,37461.31,-1991.61,-5.32,stop
S2,HINDZINC,Chemicals/Materials,2023-02-02,2023-02-03,2023-02-15,9,277.72,260.3,147,40896.56,-2711.36,-6.63,close below 50 SMA
S2,AEGISLOG,Oil & Gas,2023-02-03,2023-02-06,2023-02-15,8,357.08,330.64,113,40421.92,-3137.83,-7.76,close below 50 SMA
S2,LTF,Financials/NBFC,2023-02-15,2023-02-16,2023-02-21,3,89.46,85.0,456,40863.8,-2184.99,-5.35,stop
S2,NCC,Capital Goods,2023-01-31,2023-02-01,2023-02-21,15,87.15,85.63,493,43040.75,-906.38,-2.11,close below 50 SMA
S2,HDFCBANK,Banks,2023-02-03,2023-02-06,2023-02-22,13,786.14,763.68,47,37015.8,-1199.48,-3.24,close below 50 SMA
S2,IRB,Cement/Construction,2023-02-21,2023-02-22,2023-02-23,1,14.85,14.59,2729,40606.26,-858.54,-2.11,stop
S2,APOLLOTYRE,FMCG/Consumer,2023-02-01,2023-02-02,2023-02-24,16,315.47,302.25,130,41083.98,-1872.04,-4.56,stop
S2,DALBHARAT,Chemicals/Materials,2023-02-03,2023-02-06,2023-02-27,16,1865.47,1807.55,21,39245.01,-1365.26,-3.48,close below 50 SMA
S2,APARINDS,Capital Goods,2023-01-31,2023-02-01,2023-02-28,20,1724.57,2238.44,24,41462.46,12164.89,29.34,time (20 days)
S2,ZYDUSLIFE,Pharma/Healthcare,2023-02-01,2023-02-02,2023-03-01,20,423.89,462.06,97,41190.12,3543.83,8.6,time (20 days)
S2,ACE,Capital Goods,2023-02-06,2023-02-07,2023-03-06,20,345.81,366.16,104,36030.01,1971.38,5.47,time (20 days)
S2,ATULAUTO,Chemicals/Materials,2023-03-01,2023-03-02,2023-03-13,6,352.31,329.67,115,40587.41,-2753.75,-6.78,stop
S2,PERSISTENT,IT,2023-03-01,2023-03-02,2023-03-13,6,2389.18,2269.26,16,38295.75,-2064.74,-5.39,stop
S2,BDL,Capital Goods,2023-02-21,2023-02-22,2023-03-13,13,454.67,436.8,89,40536.88,-1741.35,-4.3,close below 50 SMA
S2,PNBHOUSING,Financials/NBFC,2023-02-22,2023-02-23,2023-03-14,12,478.08,458.9,84,40229.91,-1761.44,-4.38,stop
S2,PFC,Financials/NBFC,2023-02-15,2023-02-16,2023-03-16,20,99.79,108.75,409,40886.44,3506.23,8.58,time (20 days)
S2,SHREECEM,Chemicals/Materials,2023-02-15,2023-02-16,2023-03-16,20,24542.85,25078.46,1,24595.56,417.38,1.7,time (20 days)
S2,BAJAJHLDNG,Financials/NBFC,2023-02-24,2023-02-27,2023-03-17,14,5801.8,5687.44,6,34875.69,-825.91,-2.37,close below 50 SMA
S2,TIINDIA,FMCG/Consumer,2023-02-27,2023-02-28,2023-03-17,13,2651.22,2538.82,14,37184.76,-1717.66,-4.62,close below 50 SMA
S2,KPIL,Power/Utilities,2023-02-27,2023-02-28,2023-03-28,20,512.3,520.47,76,39004.36,470.65,1.21,time (20 days)
S2,KIRLOSENG,Capital Goods,2023-03-06,2023-03-08,2023-04-06,20,330.29,377.35,124,41027.71,5675.8,13.83,time (20 days)
S2,HCLTECH,IT,2023-04-05,2023-04-06,2023-04-06,1,960.89,945.04,41,39466.86,-799.77,-2.03,close below 50 SMA
S2,BANKINDIA,Financials/NBFC,2023-04-05,2023-04-06,2023-04-10,2,68.74,67.02,579,39869.03,-1142.47,-2.87,close below 50 SMA
S2,TECHNOE,Capital Goods,2023-04-06,2023-04-10,2023-04-10,1,333.56,328.27,119,39764.04,-779.45,-1.96,close below 50 SMA
S2,GPIL,Metals/Mining,2023-04-06,2023-04-10,2023-04-17,5,368.96,359.21,107,39549.48,-1193.51,-3.02,close below 50 SMA
S2,SARDAEN,Metals/Mining,2023-04-10,2023-04-11,2023-04-21,8,110.43,107.04,361,39936.26,-1373.19,-3.44,close below 50 SMA
S2,CGPOWER,Capital Goods,2023-04-21,2023-04-24,2023-04-24,1,302.0,300.16,131,39632.61,-391.86,-0.99,close below 50 SMA
S2,ELECON,Capital Goods,2023-04-05,2023-04-06,2023-04-25,11,196.9,201.92,174,34324.81,733.66,2.14,stop
S2,BLUESTARCO,FMCG/Consumer,2023-04-05,2023-04-06,2023-05-03,17,705.38,703.52,56,39571.69,-254.67,-0.64,close below 50 SMA
S2,JINDALSAW,Metals/Mining,2023-04-05,2023-04-06,2023-05-08,20,77.51,77.24,513,39834.37,-289.8,-0.73,time (20 days)
S2,J&KBANK,Financials/NBFC,2023-04-05,2023-04-06,2023-05-08,20,49.12,54.09,810,39861.27,3864.64,9.7,time (20 days)
S2,PFC,Financials/NBFC,2023-04-05,2023-04-06,2023-05-08,20,107.38,117.41,370,39800.51,3557.77,8.94,time (20 days)
S2,PGEL,FMCG/Consumer,2023-04-05,2023-04-06,2023-05-08,20,136.11,146.98,292,39814.68,3019.24,7.58,time (20 days)
S2,ITC,FMCG/Consumer,2023-04-05,2023-04-06,2023-05-08,20,324.75,362.02,122,39690.59,4390.57,11.06,time (20 days)
S2,GPIL,Metals/Mining,2023-05-03,2023-05-04,2023-05-08,3,362.96,358.03,108,39270.0,-682.43,-1.74,close below 50 SMA
S2,BANKINDIA,Financials/NBFC,2023-04-17,2023-04-18,2023-05-10,15,71.54,69.41,567,40634.31,-1357.19,-3.34,stop
S2,MGL,Power/Utilities,2023-04-10,2023-04-11,2023-05-10,20,916.2,1011.37,43,39466.93,3937.22,9.98,time (20 days)
S2,AEGISLOG,Oil & Gas,2023-05-08,2023-05-09,2023-05-12,3,385.18,371.29,106,40900.63,-1624.3,-3.97,stop (gap)
S2,SONATSOFTW,IT,2023-04-25,2023-04-26,2023-05-15,12,396.06,378.96,91,36107.85,-1697.62,-4.7,stop
S2,SARDAEN,Metals/Mining,2023-05-11,2023-05-12,2023-05-15,1,112.92,107.27,366,41400.41,-2220.0,-5.36,stop
S2,GAIL,Power/Utilities,2023-05-10,2023-05-11,2023-05-18,5,98.73,95.42,418,41342.3,-1536.58,-3.72,stop
S2,FOSECOIND,Chemicals/Materials,2023-04-24,2023-04-25,2023-05-23,20,2293.82,2702.47,17,39064.8,6790.0,17.38,time (20 days)
S2,CUMMINSIND,Capital Goods,2023-05-08,2023-05-09,2023-05-24,11,1554.15,1512.45,26,40479.49,-1236.14,-3.05,stop
S2,IRB,Cement/Construction,2023-05-10,2023-05-11,2023-05-24,9,13.95,13.16,2961,41376.68,-2477.88,-5.99,stop
S2,ATULAUTO,Chemicals/Materials,2023-05-15,2023-05-16,2023-05-24,7,373.48,354.24,98,36667.99,-2027.76,-5.53,close below 50 SMA
S2,JSL,Chemicals/Materials,2023-05-23,2023-05-24,2023-05-30,5,290.83,277.77,144,41952.85,-2034.82,-4.85,close below 50 SMA
S2,LINDEINDIA,Chemicals/Materials,2023-05-24,2023-05-25,2023-05-31,5,3990.14,3924.79,10,39972.33,-804.61,-2.01,close below 50 SMA
S2,JINDALSAW,Metals/Mining,2023-05-08,2023-05-09,2023-06-05,20,77.75,113.96,529,41203.52,18981.04,46.07,time (20 days)
S2,ZENTEC,IT,2023-05-08,2023-05-09,2023-06-05,20,309.3,418.73,133,41208.88,14384.73,34.91,time (20 days)
S2,CGPOWER,Capital Goods,2023-05-08,2023-05-09,2023-06-05,20,313.42,378.56,131,41130.97,8369.79,20.35,time (20 days)
S2,OLECTRA,Capital Goods,2023-05-08,2023-05-09,2023-06-05,20,674.05,790.37,61,41189.65,6933.31,16.83,time (20 days)
S2,PFC,Financials/NBFC,2023-05-15,2023-05-16,2023-06-12,20,118.53,139.0,346,41083.14,6923.1,16.85,time (20 days)
S2,PNBHOUSING,Financials/NBFC,2023-05-18,2023-05-19,2023-06-15,20,469.71,553.75,84,39526.03,6901.57,17.46,time (20 days)
S2,ETHOSLTD,Retail/Services,2023-05-24,2023-05-25,2023-06-21,20,1285.69,1322.74,32,41214.57,1029.67,2.5,time (20 days)
S2,JBMA,Auto,2023-05-25,2023-05-26,2023-06-22,20,396.36,517.52,90,35738.19,10750.6,30.08,time (20 days)
S2,KIRLOSENG,Capital Goods,2023-06-05,2023-06-06,2023-06-22,13,409.1,396.53,111,45487.12,-1557.05,-3.42,close below 50 SMA
S2,MGL,Power/Utilities,2023-05-30,2023-05-31,2023-06-23,17,970.34,933.14,41,39854.87,-1675.32,-4.2,stop
S2,BDL,Capital Goods,2023-06-15,2023-06-16,2023-06-26,6,560.59,533.58,87,48852.46,-2518.43,-5.16,stop
S2,STYLAMIND,Chemicals/Materials,2023-06-21,2023-06-22,2023-06-27,3,1638.47,1558.66,30,49236.13,-2564.46,-5.21,stop
S2,INDIAMART,Retail/Services,2023-06-12,2023-06-13,2023-06-28,11,2693.23,2655.42,17,45862.84,-806.94,-1.76,stop
S2,APARINDS,Capital Goods,2023-05-31,2023-06-01,2023-06-28,20,2717.42,3242.61,14,38112.63,7197.31,18.88,time (20 days)
S2,FACT,Chemicals/Materials,2023-06-05,2023-06-06,2023-07-04,20,313.12,470.01,146,45793.89,22717.38,49.61,time (20 days)
S2,JSL,Chemicals/Materials,2023-06-06,2023-06-07,2023-07-05,20,296.83,347.36,155,46086.51,7659.12,16.62,time (20 days)
S2,RVNL,Cement/Construction,2023-06-06,2023-06-07,2023-07-05,20,119.35,121.88,386,46147.62,811.01,1.76,time (20 days)
S2,HARIOMPIPE,Chemicals/Materials,2023-06-28,2023-06-30,2023-07-10,6,661.75,612.22,75,49713.93,-3884.76,-7.81,stop
S2,SONATSOFTW,IT,2023-06-27,2023-06-28,2023-07-11,8,477.96,451.47,100,47876.3,-2815.74,-5.88,stop
S2,NEWGEN,IT,2023-06-28,2023-06-30,2023-07-11,7,317.16,301.96,129,40985.31,-2111.83,-5.15,stop
S2,RVNL,Cement/Construction,2023-07-05,2023-07-06,2023-07-11,4,121.91,118.79,417,50919.05,-1474.7,-2.9,close below 50 SMA
S2,TDPOWERSYS,Capital Goods,2023-06-22,2023-06-23,2023-07-21,20,108.24,125.5,460,49875.2,7755.27,15.55,time (20 days)
S2,TVSMOTOR,FMCG/Consumer,2023-07-11,2023-07-12,2023-07-24,9,1329.99,1291.41,38,50623.2,-1639.86,-3.24,close below 50 SMA
S2,NEULANDLAB,Pharma/Healthcare,2023-06-26,2023-06-27,2023-07-25,20,2873.8,3249.18,17,48936.21,6203.07,12.68,time (20 days)
S2,CGPOWER,Capital Goods,2023-06-26,2023-06-27,2023-07-25,20,371.54,396.48,133,49497.06,3140.04,6.34,time (20 days)
S2,CRISIL,Financials/NBFC,2023-06-26,2023-06-27,2023-07-25,20,3742.65,3636.13,13,48735.83,-1554.59,-3.19,time (20 days)
S2,LUMAXTECH,FMCG/Consumer,2023-07-25,2023-07-26,2023-07-27,1,360.0,346.93,146,52645.31,-2085.31,-3.96,stop
S2,TRITURBINE,Capital Goods,2023-07-21,2023-07-24,2023-07-27,4,399.9,391.44,132,52873.25,-1296.81,-2.45,close below 50 SMA
S2,M&MFIN,FMCG/Consumer,2023-07-24,2023-07-25,2023-07-28,3,303.88,287.85,173,52657.6,-2950.48,-5.6,stop
S2,ASTERDM,Pharma/Healthcare,2023-07-25,2023-07-26,2023-07-28,2,235.72,226.41,224,52886.91,-2262.81,-4.28,stop
S2,RAINBOW,Pharma/Healthcare,2023-07-04,2023-07-05,2023-08-01,20,963.75,1094.5,52,50198.25,6617.46,13.18,time (20 days)
S2,ENGINERSIN,Capital Goods,2023-07-05,2023-07-06,2023-08-02,20,109.92,139.43,462,50867.14,13445.41,26.43,time (20 days)
S2,STYLAMIND,Chemicals/Materials,2023-07-28,2023-07-31,2023-08-07,6,1618.54,1586.28,30,48637.46,-1137.82,-2.34,close below 50 SMA
S2,BECTORFOOD,FMCG/Consumer,2023-07-11,2023-07-12,2023-08-08,20,164.51,195.56,309,50918.04,9408.17,18.48,time (20 days)
S2,HSCL,Chemicals/Materials,2023-07-11,2023-07-12,2023-08-08,20,131.38,151.8,387,50926.34,7719.72,15.16,time (20 days)
S2,LINDEINDIA,Chemicals/Materials,2023-07-11,2023-07-12,2023-08-08,20,4420.08,4996.47,9,39851.53,5030.55,12.62,time (20 days)
S2,OLECTRA,Capital Goods,2023-07-27,2023-07-28,2023-08-10,10,1218.96,1056.64,43,52501.14,-7152.43,-13.62,close below 50 SMA
S2,LUMAXTECH,FMCG/Consumer,2023-07-28,2023-07-31,2023-08-14,10,363.98,378.41,143,52134.55,1882.91,3.61,stop
S2,CHOLAHLDNG,Financials/NBFC,2023-08-08,2023-08-09,2023-08-14,3,944.94,899.54,57,53949.01,-2767.97,-5.13,stop
S2,RVNL,Cement/Construction,2023-08-07,2023-08-08,2023-08-18,8,123.82,120.66,435,53950.89,-1559.66,-2.89,close below 50 SMA
S2,HAL,Capital Goods,2023-08-14,2023-08-16,2023-08-18,3,1874.87,1828.56,28,52582.12,-1475.1,-2.81,close below 50 SMA
S2,PAYTM,Financials/NBFC,2023-08-10,2023-08-11,2023-08-21,6,858.53,837.53,63,54175.09,-1504.84,-2.78,close below 50 SMA
S2,DELHIVERY,Capital Goods,2023-07-25,2023-07-26,2023-08-23,20,414.21,415.94,127,52690.29,40.07,0.08,time (20 days)
S2,TEJASNET,Telecom/Media,2023-07-27,2023-07-28,2023-08-25,20,821.26,843.39,62,51002.11,1194.66,2.34,time (20 days)
S2,JINDALSAW,Metals/Mining,2023-08-01,2023-08-02,2023-08-30,20,161.81,162.01,327,52998.2,-114.22,-0.22,time (20 days)
S2,VBL,FMCG/Consumer,2023-08-03,2023-08-04,2023-09-01,20,331.03,361.15,158,52387.92,4575.49,8.73,time (20 days)
S2,SAFARI,FMCG/Consumer,2023-08-08,2023-08-09,2023-09-06,20,1496.66,1886.39,36,53967.22,13832.81,25.63,time (20 days)
S2,MRPL,Oil & Gas,2023-08-08,2023-08-09,2023-09-06,20,81.95,92.18,659,54093.64,6551.49,12.11,time (20 days)
S2,SHRIPISTON,FMCG/Consumer,2023-09-04,2023-09-05,2023-09-06,2,1229.84,1168.07,46,56663.32,-3027.4,-5.34,close below 50 SMA
S2,TDPOWERSYS,Capital Goods,2023-08-18,2023-08-21,2023-09-12,16,127.63,126.67,423,54073.48,-588.56,-1.09,stop
S2,BECTORFOOD,FMCG/Consumer,2023-09-07,2023-09-08,2023-09-12,2,206.14,196.5,282,58222.76,-2906.81,-4.99,stop
S2,CYIENT,IT,2023-08-14,2023-08-16,2023-09-12,20,1489.32,1680.97,36,53702.75,6709.92,12.49,time (20 days)
S2,INOXWIND,Capital Goods,2023-08-23,2023-08-24,2023-09-12,14,51.21,48.21,1028,52733.11,-3260.65,-6.18,close below 50 SMA
S2,ASTERDM,Pharma/Healthcare,2023-08-18,2023-08-21,2023-09-15,20,242.4,258.13,209,50746.25,3107.02,6.12,time (20 days)
S2,JWL,Capital Goods,2023-09-14,2023-09-15,2023-09-18,1,363.04,334.24,159,57815.09,-4766.08,-8.24,stop
S2,ANANTRAJ,Realty,2023-08-21,2023-08-22,2023-09-18,20,202.03,220.64,261,52816.49,4671.25,8.84,time (20 days)
S2,JBMA,Auto,2023-09-14,2023-09-15,2023-09-22,5,756.23,711.25,76,57565.1,-3605.69,-6.26,close below 50 SMA
S2,CHENNPETRO,Oil & Gas,2023-08-25,2023-08-28,2023-09-25,20,347.62,459.77,149,51880.67,16515.24,31.83,time (20 days)
S2,MAZDOCK,Capital Goods,2023-08-30,2023-08-31,2023-09-28,20,910.87,1064.42,58,52916.81,8715.82,16.47,time (20 days)
S2,NEULANDLAB,Pharma/Healthcare,2023-09-25,2023-09-26,2023-09-29,4,3815.13,3670.26,15,57318.42,-2361.11,-4.12,close below 50 SMA
S2,SIGMAADV,IT,2023-09-06,2023-09-07,2023-10-05,18,48.97,47.53,1175,57636.87,-1890.95,-3.28,stop (gap)
S2,NEWGEN,IT,2023-09-06,2023-09-07,2023-10-06,20,438.9,443.24,131,57588.2,376.8,0.65,time (20 days)
S2,SCHNEIDER,Capital Goods,2023-09-22,2023-09-25,2023-10-09,9,350.98,325.99,153,53786.53,-4001.75,-7.44,stop (gap)
S2,SARDAEN,Metals/Mining,2023-09-14,2023-09-15,2023-10-09,14,224.39,206.59,243,54613.88,-4505.02,-8.25,stop
S2,JINDALSAW,Metals/Mining,2023-09-15,2023-09-18,2023-10-09,14,179.95,162.82,299,53892.05,-5299.67,-9.83,close below 50 SMA
S2,JKTYRE,FMCG/Consumer,2023-09-20,2023-09-21,2023-10-09,12,265.32,259.42,201,53415.99,-1365.81,-2.56,close below 50 SMA
S2,JWL,Capital Goods,2023-09-28,2023-09-29,2023-10-09,6,347.12,296.6,166,57714.52,-8569.7,-14.85,close below 50 SMA
S2,RKFORGE,Auto,2023-10-06,2023-10-09,2023-10-09,1,616.69,626.4,93,57444.24,710.68,1.24,close below 50 SMA
S2,SUZLON,Capital Goods,2023-09-14,2023-09-15,2023-10-16,20,23.61,28.09,2447,57870.21,10745.36,18.57,time (20 days)
S2,PFC,Financials/NBFC,2023-09-18,2023-09-20,2023-10-18,20,203.48,216.16,280,57066.18,3356.22,5.88,time (20 days)
S2,GVT&D,Capital Goods,2023-10-16,2023-10-17,2023-10-19,2,411.94,373.9,142,58588.13,-5588.58,-9.54,stop (gap)
S2,BECTORFOOD,FMCG/Consumer,2023-09-29,2023-10-03,2023-10-23,14,207.31,207.75,278,57723.39,-67.77,-0.12,stop
S2,MAZDOCK,Capital Goods,2023-10-10,2023-10-11,2023-10-23,8,1062.14,991.04,52,55320.45,-3879.26,-7.01,stop
S2,CHENNPETRO,Oil & Gas,2023-10-10,2023-10-11,2023-10-23,8,454.42,474.13,91,41424.8,1636.35,3.95,stop
S2,HBLENGINE,Capital Goods,2023-10-19,2023-10-20,2023-10-23,1,288.42,265.66,208,60086.31,-4926.4,-8.2,stop
S2,BIRLACABLE,Chemicals/Materials,2023-10-19,2023-10-20,2023-10-23,1,331.05,309.7,181,60015.58,-4058.34,-6.76,stop
S2,NEULANDLAB,Pharma/Healthcare,2023-10-04,2023-10-05,2023-10-23,13,3883.81,3807.24,14,54461.44,-1254.91,-2.3,close below 50 SMA
S2,RAILTEL,Telecom/Media,2023-10-06,2023-10-09,2023-10-25,11,208.15,206.12,277,57750.61,-754.55,-1.31,stop
S2,IRFC,Financials/NBFC,2023-10-10,2023-10-11,2023-10-25,9,73.24,67.92,763,55972.57,-4244.82,-7.58,stop
S2,FACT,Chemicals/Materials,2023-10-10,2023-10-11,2023-10-25,9,534.87,644.17,104,55716.49,11168.36,20.04,stop
S2,HSCL,Chemicals/Materials,2023-10-10,2023-10-11,2023-10-26,10,245.71,230.65,227,55866.63,-3603.22,-6.45,stop
S2,AMBER,FMCG/Consumer,2023-10-25,2023-10-26,2023-10-27,2,2947.47,2905.85,18,53141.05,-929.54,-1.75,close below 50 SMA
S2,GMDCLTD,Chemicals/Materials,2023-10-27,2023-10-30,2023-11-02,3,347.65,302.57,155,53973.08,-7162.38,-13.27,stop (gap)
S2,GRWRHITECH,Chemicals/Materials,2023-10-27,2023-10-30,2023-11-09,8,1434.61,1302.9,37,53167.27,-5049.5,-9.5,stop
S2,JINDALSAW,Metals/Mining,2023-10-26,2023-10-27,2023-11-24,19,194.94,217.39,280,54672.18,6094.74,11.15,stop
S2,MAPMYINDIA,IT,2023-10-26,2023-10-27,2023-11-24,20,1996.58,2186.01,27,53995.28,4926.34,9.12,time (20 days)
S2,INOXWIND,Capital Goods,2023-10-26,2023-10-27,2023-11-24,20,53.03,66.6,1029,54652.59,13772.56,25.2,time (20 days)
S2,ATULAUTO,Chemicals/Materials,2023-10-26,2023-10-27,2023-11-24,20,620.05,618.68,88,54652.49,-304.33,-0.56,time (20 days)
S2,TARIL,Capital Goods,2023-10-27,2023-10-30,2023-11-28,20,81.9,97.06,661,54226.49,9826.95,18.12,time (20 days)
S2,GABRIEL,FMCG/Consumer,2023-10-27,2023-10-30,2023-11-28,20,326.8,405.85,165,54010.06,12845.58,23.78,time (20 days)
S2,RAILTEL,Telecom/Media,2023-10-27,2023-10-30,2023-11-28,20,218.72,284.76,247,54111.47,16111.48,29.77,time (20 days)
S2,MRPL,Oil & Gas,2023-10-27,2023-10-30,2023-11-28,20,97.24,116.85,556,54154.25,10709.26,19.78,time (20 days)
S2,GRWRHITECH,Chemicals/Materials,2023-11-28,2023-11-29,2023-11-30,2,1448.4,1406.02,42,60928.74,-1976.51,-3.24,close below 50 SMA
S2,LODHA,Realty,2023-11-01,2023-11-02,2023-12-01,20,798.25,911.12,65,51971.19,7150.41,13.76,time (20 days)
S2,TTML,Telecom/Media,2023-11-29,2023-11-30,2023-12-05,4,94.3,91.75,649,61295.03,-1847.85,-3.01,close below 50 SMA
S2,PNBHOUSING,Financials/NBFC,2023-11-09,2023-11-10,2023-12-08,18,736.1,741.38,65,47926.71,173.37,0.36,stop
S2,SPLPETRO,Chemicals/Materials,2023-11-28,2023-11-29,2023-12-12,10,545.49,528.94,112,61191.37,-2051.27,-3.35,close below 50 SMA
S2,ZENTEC,IT,2023-11-30,2023-12-01,2023-12-12,8,773.43,731.03,79,61196.93,-3544.79,-5.79,close below 50 SMA
S2,ZFCVINDIA,FMCG/Consumer,2023-12-01,2023-12-04,2023-12-12,7,2714.02,2577.91,22,59802.94,-3187.23,-5.33,close below 50 SMA
S2,SAFARI,FMCG/Consumer,2023-12-12,2023-12-13,2023-12-18,4,2155.17,2116.53,22,47493.48,-1017.58,-2.14,close below 50 SMA
S2,RPOWER,Power/Utilities,2023-11-29,2023-11-30,2023-12-20,14,21.56,21.3,2839,61307.25,-948.7,-1.55,stop
S2,WELSPUNLIV,Chemicals/Materials,2023-12-12,2023-12-13,2023-12-20,5,154.47,146.05,414,64051.73,-3687.21,-5.76,stop
S2,INDIANB,Financials/NBFC,2023-12-12,2023-12-13,2023-12-21,6,420.57,364.86,152,64026.07,-8664.25,-13.53,stop (gap)
S2,JPPOWER,Power/Utilities,2023-12-05,2023-12-06,2023-12-21,11,13.61,12.56,4635,63165.93,-5059.43,-8.01,stop
S2,BSE,Financials/NBFC,2023-12-19,2023-12-20,2023-12-21,1,795.05,736.53,60,47783.29,-3676.55,-7.69,stop
S2,FACT,Chemicals/Materials,2023-11-28,2023-11-29,2023-12-27,20,720.51,802.23,85,61339.51,6740.09,10.99,time (20 days)
S2,NBCC,Capital Goods,2023-11-28,2023-11-29,2023-12-27,20,44.64,52.05,1373,61382.3,9962.8,16.23,time (20 days)
S2,PNB,Financials/NBFC,2023-11-28,2023-11-29,2023-12-27,20,73.73,85.64,831,61361.84,9690.92,15.79,time (20 days)
S2,SHYAMMETL,Metals/Mining,2023-11-29,2023-11-30,2023-12-28,20,449.47,616.32,136,61224.05,22469.16,36.7,time (20 days)
S2,NEULANDLAB,Pharma/Healthcare,2023-12-08,2023-12-11,2024-01-08,19,5083.27,5097.29,11,56005.89,-33.27,-0.06,stop
S2,SUZLON,Capital Goods,2023-12-28,2023-12-29,2024-01-17,13,38.57,40.34,1643,63468.09,2697.34,4.25,stop
S2,KALYANKJIL,Metals/Mining,2023-12-20,2023-12-21,2024-01-18,20,316.28,358.44,192,60820.59,7889.85,12.97,time (20 days)
S2,GMDCLTD,Chemicals/Materials,2023-12-22,2023-12-26,2024-01-23,19,383.77,397.45,162,62267.78,2012.76,3.23,stop
S2,PRESTIGE,Realty,2023-12-22,2023-12-26,2024-01-23,19,1112.31,1188.84,27,30091.5,1934.4,6.43,stop
S2,RAILTEL,Telecom/Media,2023-12-22,2023-12-26,2024-01-23,20,291.3,378.36,214,62436.34,18409.06,29.48,time (20 days)
S2,HSCL,Chemicals/Materials,2023-12-22,2023-12-26,2024-01-23,20,287.11,363.03,217,62401.17,16254.13,26.05,time (20 days)
S2,SKYGOLD,FMCG/Consumer,2023-12-27,2023-12-28,2024-01-25,20,108.55,126.33,589,64037.9,10254.9,16.01,time (20 days)
S2,SJVN,Power/Utilities,2023-12-27,2023-12-28,2024-01-25,20,88.73,110.64,720,63988.31,15551.23,24.3,time (20 days)
S2,NBCC,Capital Goods,2023-12-27,2023-12-28,2024-01-25,20,52.39,74.67,1221,64068.84,26965.71,42.09,time (20 days)
S2,APARINDS,Capital Goods,2024-01-24,2024-01-25,2024-01-25,1,5564.87,5379.31,12,66881.22,-2435.95,-3.64,close below 50 SMA
S2,KAYNES,Other,2024-01-09,2024-01-10,2024-02-08,20,2636.27,2923.19,26,68647.86,7236.73,10.54,time (20 days)
S2,ANGELONE,Financials/NBFC,2024-02-08,2024-02-09,2024-02-12,2,329.6,308.61,245,80870.96,-5379.51,-6.65,close below 50 SMA
S2,SUZLON,Capital Goods,2024-01-18,2024-01-19,2024-02-13,15,43.52,43.04,1601,69784.58,-989.78,-1.42,stop
S2,INOXWIND,Capital Goods,2024-01-25,2024-01-29,2024-02-13,11,118.56,116.17,615,73024.03,-1696.06,-2.32,stop
S2,MCX,Financials/NBFC,2024-01-25,2024-01-29,2024-02-13,11,645.42,672.67,113,73042.23,2851.65,3.9,stop
S2,WOCKPHARMA,Pharma/Healthcare,2024-01-18,2024-01-19,2024-02-19,20,460.53,551.37,151,69646.14,13485.56,19.36,time (20 days)
S2,NMDC,Chemicals/Materials,2024-01-25,2024-01-29,2024-02-23,20,64.75,70.21,1127,73081.34,5921.03,8.1,time (20 days)
S2,CHENNPETRO,Oil & Gas,2024-01-25,2024-01-29,2024-02-23,20,725.81,854.88,100,72690.55,12669.08,17.43,time (20 days)
S2,NTPC,Power/Utilities,2024-01-25,2024-01-29,2024-02-23,20,296.97,318.38,245,72868.27,5014.15,6.88,time (20 days)
S2,DLF,Realty,2024-01-25,2024-01-29,2024-02-23,20,742.24,876.2,98,72849.21,12890.17,17.69,time (20 days)
S2,GAIL,Power/Utilities,2024-01-25,2024-01-29,2024-02-23,20,150.95,166.57,483,73019.33,7313.3,10.02,time (20 days)
S2,SKYGOLD,FMCG/Consumer,2024-02-19,2024-02-20,2024-02-26,5,114.56,108.65,697,79964.72,-4356.7,-5.45,close below 50 SMA
S2,PRESTIGE,Realty,2024-02-23,2024-02-26,2024-02-27,2,1219.5,1205.28,64,78164.1,-1145.64,-1.47,close below 50 SMA
S2,NEWGEN,IT,2024-02-26,2024-02-27,2024-02-28,2,814.1,773.06,96,78270.07,-4172.31,-5.33,close below 50 SMA
S2,SUZLON,Capital Goods,2024-02-14,2024-02-15,2024-02-29,10,46.97,41.82,1535,72213.42,-8127.87,-11.26,stop
S2,RVNL,Cement/Construction,2024-02-23,2024-02-26,2024-02-29,3,262.62,242.65,299,78640.81,-6201.92,-7.89,stop
S2,SUZLON,Capital Goods,2024-02-29,2024-03-01,2024-03-04,2,45.62,42.78,1686,77034.88,-5024.43,-6.52,close below 50 SMA
S2,HSCL,Chemicals/Materials,2024-02-29,2024-03-01,2024-03-04,2,366.98,354.17,209,76812.43,-2907.97,-3.79,close below 50 SMA
S2,BSE,Financials/NBFC,2024-02-27,2024-02-28,2024-03-05,5,794.72,753.41,98,77998.74,-4280.82,-5.49,close below 50 SMA
S2,SKYGOLD,FMCG/Consumer,2024-03-04,2024-03-05,2024-03-05,1,107.25,108.1,725,77874.7,377.73,0.49,close below 50 SMA
S2,IRFC,Financials/NBFC,2024-02-13,2024-02-14,2024-03-06,15,148.26,135.42,499,74094.41,-6627.17,-8.94,stop
S2,HINDCOPPER,Chemicals/Materials,2024-02-29,2024-03-01,2024-03-11,6,268.41,265.38,270,72580.93,-1041.34,-1.43,close below 50 SMA
S2,GALLANTT,Chemicals/Materials,2024-02-14,2024-02-15,2024-03-12,17,210.37,200.97,359,75634.76,-3599.42,-4.76,stop
S2,RAILTEL,Telecom/Media,2024-02-23,2024-02-26,2024-03-12,10,400.89,382.55,195,78289.82,-3808.74,-4.86,stop
S2,NIACL,Financials/NBFC,2024-03-04,2024-03-05,2024-03-12,4,269.06,234.46,252,67906.94,-8923.36,-13.14,stop
S2,KALYANKJIL,Metals/Mining,2024-02-12,2024-02-13,2024-03-12,20,362.82,377.8,205,74489.44,2840.77,3.81,time (20 days)
S2,COCHINSHIP,Capital Goods,2024-02-23,2024-02-26,2024-03-12,11,850.63,806.22,92,78374.08,-4318.61,-5.51,close below 50 SMA
S2,BHEL,Capital Goods,2024-02-23,2024-02-26,2024-03-13,11,228.5,230.71,343,78493.14,519.54,0.66,stop
S2,CHENNPETRO,Oil & Gas,2024-03-05,2024-03-06,2024-03-13,4,831.3,763.76,93,77426.08,-6509.7,-8.41,stop
S2,HINDPETRO,Oil & Gas,2024-03-05,2024-03-06,2024-03-13,4,312.98,290.29,238,74601.07,-5623.87,-7.54,stop
S2,RECLTD,Financials/NBFC,2024-03-11,2024-03-12,2024-03-13,1,430.09,394.9,166,71502.65,-6057.41,-8.47,stop
S2,IOC,Oil & Gas,2024-03-06,2024-03-07,2024-03-14,4,158.33,143.81,426,67552.02,-6390.96,-9.46,stop (gap)
S2,NCC,Capital Goods,2024-03-14,2024-03-15,2024-03-19,3,226.71,207.03,308,69933.19,-6273.77,-8.97,close below 50 SMA
S2,HINDCOPPER,Chemicals/Materials,2024-03-15,2024-03-18,2024-03-19,2,267.72,256.95,263,70517.87,-3049.32,-4.32,close below 50 SMA
S2,HDFCAMC,Financials/NBFC,2024-03-14,2024-03-15,2024-03-20,4,1770.55,1703.4,39,69156.84,-2832.48,-4.1,close below 50 SMA
S2,HUDCO,Financials/NBFC,2024-03-15,2024-03-18,2024-03-20,3,176.24,162.76,400,70601.56,-5603.54,-7.94,close below 50 SMA
S2,UNIONBANK,Financials/NBFC,2024-03-15,2024-03-18,2024-04-15,17,136.45,132.65,517,70651.1,-2180.29,-3.09,stop (gap)
S2,TORNTPOWER,Power/Utilities,2024-03-15,2024-03-18,2024-04-15,17,1154.43,1291.29,61,70527.57,8120.05,11.51,stop (gap)
S2,JSL,Chemicals/Materials,2024-03-14,2024-03-15,2024-04-15,18,647.32,648.62,108,70016.6,-77.56,-0.11,stop
S2,SJVN,Power/Utilities,2024-03-14,2024-03-15,2024-04-15,19,112.13,119.12,624,70076.85,4135.52,5.9,close below 50 SMA
S2,KIRLOSENG,Capital Goods,2024-03-15,2024-03-18,2024-04-18,20,847.37,879.06,83,70438.88,2407.71,3.42,time (20 days)
S2,ETERNAL,Retail/Services,2024-03-15,2024-03-18,2024-04-18,20,162.58,185.11,433,70504.79,9524.13,13.51,time (20 days)
S2,NHPC,Power/Utilities,2024-04-16,2024-04-18,2024-04-18,1,87.2,85.02,827,72221.39,-2021.94,-2.8,close below 50 SMA
S2,SJVN,Power/Utilities,2024-04-16,2024-04-18,2024-04-19,2,122.88,119.12,594,73103.38,-2460.81,-3.37,close below 50 SMA
S2,WOCKPHARMA,Pharma/Healthcare,2024-03-19,2024-03-20,2024-04-22,20,559.28,572.26,122,68336.64,1367.66,2.0,time (20 days)
S2,SHAKTIPUMP,Capital Goods,2024-03-19,2024-03-20,2024-04-22,20,227.52,278.31,276,62894.78,13800.81,21.94,time (20 days)
S2,OIL,Oil & Gas,2024-03-20,2024-03-21,2024-04-23,20,358.64,372.01,189,67887.64,2310.47,3.4,time (20 days)
S2,EIHOTEL,FMCG/Consumer,2024-03-20,2024-03-21,2024-04-23,20,412.06,462.59,153,63143.11,7520.95,11.91,time (20 days)
S2,RPOWER,Power/Utilities,2024-04-18,2024-04-19,2024-05-06,11,28.01,25.84,2606,73114.68,-5892.57,-8.06,close below 50 SMA
S2,IRFC,Financials/NBFC,2024-04-23,2024-04-24,2024-05-09,10,144.01,141.14,460,66346.78,-1528.34,-2.3,stop
S2,JSL,Chemicals/Materials,2024-04-19,2024-04-22,2024-05-09,13,691.79,670.86,105,72747.45,-2420.01,-3.33,close below 50 SMA
S2,ACE,Capital Goods,2024-04-22,2024-04-23,2024-05-09,12,1522.29,1383.46,48,73180.38,-6882.86,-9.41,close below 50 SMA
S2,SJVN,Power/Utilities,2024-04-22,2024-04-23,2024-05-09,12,124.04,118.4,592,73540.14,-3560.94,-4.84,close below 50 SMA
S2,GVT&D,Capital Goods,2024-04-16,2024-04-18,2024-05-10,15,935.32,967.71,78,73064.89,2298.79,3.15,stop
S2,IRB,Cement/Construction,2024-04-22,2024-04-23,2024-05-10,13,33.21,30.8,2240,74512.31,-5637.69,-7.57,close below 50 SMA
S2,NEULANDLAB,Pharma/Healthcare,2024-04-12,2024-04-15,2024-05-13,18,6639.43,6609.51,11,73143.99,-554.23,-0.76,stop (gap)
S2,POWERGRID,Power/Utilities,2024-04-18,2024-04-19,2024-05-17,20,259.18,291.55,281,72938.73,8862.48,12.15,time (20 days)
S2,NBCC,Capital Goods,2024-04-23,2024-04-24,2024-05-23,20,88.26,96.8,844,74606.04,6969.26,9.34,time (20 days)
S2,EIHOTEL,FMCG/Consumer,2024-05-06,2024-05-07,2024-05-27,13,479.43,451.33,140,67223.51,-4142.29,-6.16,stop
S2,POLICYBZR,Financials/NBFC,2024-05-13,2024-05-14,2024-05-28,10,1245.62,1201.25,56,69861.21,-2700.5,-3.87,close below 50 SMA
S2,VBL,FMCG/Consumer,2024-05-13,2024-05-14,2024-05-29,11,596.11,567.84,112,66867.34,-3374.18,-5.05,close below 50 SMA
S2,IRB,Cement/Construction,2024-05-17,2024-05-21,2024-05-30,7,34.23,31.6,2158,73970.91,-5884.56,-7.96,stop
S2,PNB,Financials/NBFC,2024-05-27,2024-05-28,2024-05-30,3,121.49,118.9,616,74950.23,-1825.45,-2.44,close below 50 SMA
S2,JUBLPHARMA,Pharma/Healthcare,2024-05-29,2024-05-30,2024-05-31,1,695.69,663.98,106,73853.77,-3584.05,-4.85,stop
S2,ADANIPOWER,Power/Utilities,2024-05-09,2024-05-10,2024-06-04,16,123.06,149.38,579,71360.73,15000.47,21.02,stop
S2,KEI,Capital Goods,2024-05-09,2024-05-10,2024-06-04,16,3882.39,3837.31,18,69989.49,-1029.09,-1.47,stop
S2,WABAG,Power/Utilities,2024-05-13,2024-05-14,2024-06-04,14,908.15,864.64,77,70033.92,-3564.93,-5.09,stop
S2,ZYDUSLIFE,Pharma/Healthcare,2024-05-13,2024-05-14,2024-06-04,14,980.89,964.69,71,69749.6,-1366.9,-1.96,stop
S2,VOLTAS,FMCG/Consumer,2024-05-23,2024-05-24,2024-06-04,7,1337.07,1276.25,56,74988.17,-3631.98,-4.84,stop
S2,TEGA,Capital Goods,2024-05-30,2024-05-31,2024-06-04,2,1505.85,1395.55,48,72390.34,-5512.87,-7.62,stop
S2,SOBHA,Realty,2024-05-31,2024-06-03,2024-06-04,1,1970.76,1842.64,37,73028.16,-4960.53,-6.79,stop
S2,TARIL,Capital Goods,2024-05-13,2024-05-14,2024-06-11,20,294.76,384.52,237,69964.09,21034.17,30.06,time (20 days)
S2,MAXHEALTH,Pharma/Healthcare,2024-06-05,2024-06-06,2024-06-11,4,818.99,798.37,86,70540.09,-1990.82,-2.82,close below 50 SMA
S2,INDIGO,Capital Goods,2024-06-05,2024-06-06,2024-06-27,14,4344.88,4210.87,16,69624.19,-2359.54,-3.39,stop (gap)
S2,BAJAJ-AUTO,FMCG/Consumer,2024-05-29,2024-05-30,2024-06-27,19,8655.14,9025.04,6,52016.07,2038.54,3.92,stop
S2,SKYGOLD,FMCG/Consumer,2024-05-30,2024-05-31,2024-06-28,20,122.26,163.77,592,72488.03,24322.68,33.55,time (20 days)
S2,ARE&M,Capital Goods,2024-06-05,2024-06-06,2024-06-28,16,1234.98,1622.06,57,70500.88,21821.02,30.95,end of test
S2,JUBLPHARMA,Pharma/Healthcare,2024-06-05,2024-06-06,2024-06-28,16,686.82,728.21,103,70849.68,4039.11,5.7,end of test
S2,BOSCHLTD,FMCG/Consumer,2024-06-05,2024-06-06,2024-06-28,16,30106.66,33229.93,2,60308.35,6043.12,10.02,end of test
S2,HUDCO,Financials/NBFC,2024-06-06,2024-06-07,2024-06-28,15,235.49,262.68,302,71227.38,7979.02,11.2,end of test
S2,GALLANTT,Chemicals/Materials,2024-06-06,2024-06-07,2024-06-28,15,278.9,354.97,255,71227.62,19156.46,26.89,end of test
S2,SCHNEIDER,Capital Goods,2024-06-11,2024-06-12,2024-06-28,12,862.88,864.87,85,73455.51,-57.49,-0.08,end of test
S2,OIL,Oil & Gas,2024-06-11,2024-06-12,2024-06-28,12,412.16,455.33,179,73887.96,7491.5,10.14,end of test
S2,INDUSTOWER,Telecom/Media,2024-06-26,2024-06-27,2024-06-28,2,350.01,361.51,229,80270.77,2389.08,2.98,end of test
S2,HINDZINC,Chemicals/Materials,2024-06-27,2024-06-28,2024-06-28,1,625.73,621.49,106,66430.08,-660.03,-0.99,end of test
