symbol,setup,side,day,signal,entry_time,exit_time,entry,stop,t1,R,half_px,exit,t1_hit,reason,gross_R,qty,gross_rs,costs_rs,pnl_rs,net_R
GULFOILLUB,A,LONG,2026-07-31,2026-07-31 09:30:00,2026-07-31 09:35:00,2026-07-31 11:55:00,1062.0999755859375,1054.5450644108998,1076.5823057274001,9.654886760975076,1076.5823057274001,1068.0999755859375,True,trail,1.0607234786145774,258,2642.22,333.34,2308.88,0.924
NELCO,A,LONG,2026-07-31,2026-07-31 09:30:00,2026-07-31 09:35:00,2026-07-31 10:30:00,973.8499755859376,959.802293107194,995.9715176145996,14.747694685774679,995.9715176145996,984.5499877929688,True,trail,1.1127689762709878,169,2773.42,229.18,2544.24,1.018
PRECAM,A,LONG,2026-07-31,2026-07-31 09:40:00,2026-07-31 09:45:00,2026-07-31 10:25:00,143.8699951171875,142.53196434683332,146.3570522590469,1.6580380945729236,142.53196434683332,142.53196434683332,False,stop,-0.8069963981731249,1507,-2016.41,252.52,-2268.93,-0.908
QUESS,A,LONG,2026-07-31,2026-07-31 11:20:00,2026-07-31 11:25:00,2026-07-31 11:30:00,331.3500061035156,325.9919803044763,339.5370539573481,5.458031902554999,339.5370539573481,338.95001220703125,True,trail,1.4462222133547744,458,3615.24,217.46,3397.77,1.359
RANEHOLDIN,A,LONG,2026-08-03,2026-08-03 09:30:00,2026-08-03 09:35:00,2026-08-03 10:35:00,1789.9000244140625,1766.4898199494785,1815.8653677320322,17.310228878646466,1815.8653677320322,1803.699951171875,True,trail,1.1486061320897887,144,2863.1,317.97,2545.13,1.018
SULA,A,SHORT,2026-08-03,2026-08-03 09:30:00,2026-08-03 09:35:00,2026-08-03 09:35:00,168.05999755859375,169.58694035187216,165.76958336867614,1.5269427932784168,169.58694035187216,169.58694035187216,False,stop,-0.9999999999999944,1637,-2499.61,310.15,-2809.75,-1.124
DALMIASUG,A,LONG,2026-08-03,2026-08-03 09:45:00,2026-08-03 09:50:00,2026-08-03 11:55:00,386.0,377.2423352316532,399.21147884197336,8.80765256131558,399.21147884197336,395.25,True,trail,1.2751115399707784,283,3178.3,176.71,3001.59,1.201
DYNAMATECH,A,LONG,2026-08-03,2026-08-03 09:45:00,2026-08-03 09:50:00,2026-08-03 15:00:00,10876.0,10704.71726446221,11072.924103306685,131.28273553779027,10704.71726446221,10704.71726446221,False,stop,-1.3046859119452605,19,-3254.37,242.11,-3496.48,-1.399
FDC,A,LONG,2026-08-03,2026-08-03 10:35:00,2026-08-03 10:40:00,2026-08-03 11:20:00,422.3999938964844,418.9131228481902,428.30531877947254,3.936883255325446,418.75,418.75,False,stop,-0.9271277962197649,635,-2317.75,301.31,-2619.06,-1.048
BAJAJELEC,A,LONG,2026-08-04,2026-08-04 09:45:00,2026-08-04 09:50:00,2026-08-04 10:55:00,345.25,341.8080081438823,350.0379877841765,3.191991856117661,350.0379877841765,356.04998779296875,True,trail,2.4417317273648225,783,6102.69,331.85,5770.84,2.308
TALBROAUTO,A,LONG,2026-08-04,2026-08-04 10:40:00,2026-08-04 10:45:00,2026-08-04 11:05:00,428.0,425.29067798854163,436.41397386191414,5.609315907942763,425.0,425.0,False,stop,-0.5348245756228518,445,-1335.0,227.82,-1562.82,-0.625
SEAMECLTD,A,LONG,2026-08-05,2026-08-05 09:35:00,2026-08-05 09:40:00,2026-08-05 11:20:00,1532.0999755859375,1512.0441341823491,1562.0337743124137,19.955865817650835,1512.0441341823491,1512.0441341823491,False,stop,-1.0050098345444431,125,-2506.98,228.14,-2735.12,-1.094
VARROC,A,LONG,2026-08-05,2026-08-05 09:45:00,2026-08-05 09:50:00,2026-08-05 11:25:00,701.0999755859375,694.01154915103,712.9326884804863,7.888475263032499,712.9326884804863,727.0,True,trail,2.3916369165431086,316,5961.77,285.31,5676.46,2.271
CENTUM,A,LONG,2026-08-05,2026-08-05 09:50:00,2026-08-05 09:55:00,2026-08-05 10:00:00,3834.10009765625,3785.1761831059935,3890.685676512885,37.723719237756754,3785.1761831059935,3785.1761831059935,False,stop,-1.296900611573044,66,-3228.98,286.33,-3515.3,-1.406
IGPL,A,LONG,2026-08-05,2026-08-05 10:00:00,2026-08-05 10:05:00,2026-08-05 15:10:00,512.0,505.53442954705025,521.473364834698,6.315576556465361,511.4500122070313,511.4500122070313,False,15:10 flat,-0.08708433633120344,395,-217.25,239.7,-456.94,-0.183
GMMPFAUDLR,A,LONG,2026-08-06,2026-08-06 09:30:00,2026-08-06 09:35:00,2026-08-06 10:00:00,885.0,873.9349085972641,902.2726554146507,11.515103609767113,902.2726554146507,885.8849999999999,True,breakeven,0.7884277914464105,217,1970.11,254.87,1715.24,0.686
PRAKASH,A,LONG,2026-08-06,2026-08-06 09:30:00,2026-08-06 09:35:00,2026-08-06 10:15:00,128.60000610351562,127.75177933267771,130.24734625977248,1.0982267708379063,130.24734625977248,129.8000030517578,True,trail,1.2963338629628536,2276,3240.27,351.48,2888.79,1.156
DOLLAR,A,LONG,2026-08-06,2026-08-06 09:35:00,2026-08-06 09:40:00,2026-08-06 10:50:00,279.0,276.63714914226614,282.3942671313273,2.262844754218212,282.3942671313273,282.8500061035156,True,trail,1.600700450470306,1104,3998.84,366.51,3632.32,1.453
MIDHANI,A,LONG,2026-08-06,2026-08-06 10:00:00,2026-08-06 10:05:00,2026-08-06 15:10:00,436.7999877929688,431.1655904629097,445.1016204091512,5.534421744121624,433.6499938964844,433.6499938964844,False,15:10 flat,-0.5691640503960856,451,-1420.65,234.0,-1654.64,-0.662
PSPPROJECT,A,LONG,2026-08-06,2026-08-06 10:10:00,2026-08-06 10:15:00,2026-08-06 15:05:00,960.0,950.7265650056545,973.9101524915184,9.273434994345546,973.9101524915184,972.0,True,trail,1.3970094418797903,269,3484.92,318.8,3166.11,1.266
SANDUMA,A,LONG,2026-08-07,2026-08-07 09:35:00,2026-08-07 09:40:00,2026-08-07 10:00:00,215.27999877929688,212.9365818051306,219.2001306492377,2.613421246627216,212.9365818051306,212.9365818051306,False,stop,-0.8966855141285014,956,-2240.31,241.91,-2482.22,-0.993
VARROC,A,LONG,2026-08-07,2026-08-07 09:35:00,2026-08-07 09:40:00,2026-08-07 09:55:00,805.6500244140625,784.8005438376267,838.1242269681693,21.64946836940453,784.8005438376267,784.8005438376267,False,stop,-0.9630481553025427,115,-2397.69,134.04,-2531.73,-1.013
VSTTILLERS,A,SHORT,2026-08-07,2026-08-07 09:35:00,2026-08-07 09:40:00,2026-08-07 10:15:00,4513.2998046875,4553.282792993723,4455.875615196915,38.28279299372342,4553.282792993723,4553.282792993723,False,stop,-1.04441147522278,65,-2598.89,327.57,-2926.46,-1.171
JAMNAAUTO,A,LONG,2026-08-07,2026-08-07 09:50:00,2026-08-07 09:55:00,2026-08-07 10:45:00,145.16000366210938,143.9860549101481,147.14591763477782,1.323942648445631,147.14591763477782,146.39999389648438,True,trail,1.2182945427548544,1888,3045.25,333.62,2711.64,1.085
BBL,A,SHORT,2026-08-10,2026-08-10 09:30:00,2026-08-10 09:35:00,2026-08-10 10:35:00,2290.89990234375,2310.8423952466715,2261.2864559581176,19.742297590421636,2310.8423952466715,2310.8423952466715,False,stop,-1.0101404262387854,126,-2512.75,323.05,-2835.8,-1.134
SIRCA,A,LONG,2026-08-10,2026-08-10 09:30:00,2026-08-10 09:35:00,2026-08-10 10:00:00,456.5,453.1444184444101,462.05838148865826,3.7055876591055203,453.1444184444101,453.1444184444101,False,stop,-0.905546397571896,674,-2261.66,338.93,-2600.59,-1.04
REDTAPE,A,LONG,2026-08-10,2026-08-10 09:35:00,2026-08-10 09:40:00,2026-08-10 11:25:00,141.02999877929688,139.8705902228991,142.99410245862012,1.3094024528821615,142.99410245862012,142.6999969482422,True,trail,1.3876947611750063,1909,3468.75,329.26,3139.49,1.256
BANCOINDIA,A,SHORT,2026-08-10,2026-08-10 09:55:00,2026-08-10 10:00:00,2026-08-10 15:10:00,635.2000122070312,646.4320767488572,619.1019153942923,10.732064541825972,628.0,628.0,False,15:10 flat,0.6708878966363566,232,1670.4,186.95,1483.46,0.593
SUPRIYA,A,SHORT,2026-08-11,2026-08-11 09:30:00,2026-08-11 09:35:00,2026-08-11 09:50:00,894.0499877929688,907.7241041086448,876.0888316300014,11.974104108644893,907.7241041086448,907.7241041086448,False,stop,-1.1419740626610926,208,-2844.22,225.36,-3069.58,-1.228
DOLPHIN,A,LONG,2026-08-11,2026-08-11 09:50:00,2026-08-11 09:55:00,2026-08-11 10:05:00,433.25,429.88202851973296,439.50193890985383,4.16795927323587,429.88202851973296,429.88202851973296,False,stop,-0.8080624736172768,599,-2017.41,293.19,-2310.61,-0.924
FINEORG,A,LONG,2026-08-12,2026-08-12 09:30:00,2026-08-12 09:35:00,2026-08-12 09:55:00,5240.0,5198.3019169420095,5304.047124586986,42.69808305799036,5304.047124586986,5336.2998046875,True,trail,1.877682998750913,58,4650.06,363.0,4287.07,1.715
GVPIL,B,LONG,2026-08-12,2026-08-12 09:45:00,2026-08-12 09:50:00,2026-08-12 15:10:00,786.2000244140625,774.2293873994631,804.1559799359615,11.970637014599337,795.5,795.5,False,15:10 flat,0.7768989715915148,208,1934.39,204.09,1730.31,0.692
PITTIENG,B,LONG,2026-08-12,2026-08-12 09:50:00,2026-08-12 09:55:00,2026-08-12 10:25:00,1037.9500244140625,1012.1968912819983,1076.5797241121586,25.75313313206414,1012.1968912819983,1012.1968912819983,False,stop,-0.9999999999999999,97,-2498.05,141.63,-2639.68,-1.056
SFL,A,LONG,2026-08-12,2026-08-12 09:50:00,2026-08-12 09:55:00,2026-08-12 09:55:00,710.5999755859375,701.5173967202412,724.598843884482,9.332578865696346,701.5173967202412,701.5173967202412,False,stop,-0.9732121202941046,267,-2425.05,226.49,-2651.54,-1.061
SEAMECLTD,A,SHORT,2026-08-12,2026-08-12 09:55:00,2026-08-12 10:00:00,2026-08-12 11:00:00,1529.800048828125,1544.1737484105006,1508.539426212374,14.173748410500533,1544.1737484105006,1544.1737484105006,False,stop,-1.0141071483762847,176,-2529.77,304.57,-2834.34,-1.134
SOMANYCERA,A,LONG,2026-08-13,2026-08-13 09:30:00,2026-08-13 09:35:00,2026-08-13 09:40:00,552.3499755859375,533.5543747022107,581.2183952220747,19.24561309075812,533.5543747022107,533.5543747022107,False,stop,-0.976617413801829,129,-2424.63,113.64,-2538.28,-1.015
TCIEXP,A,LONG,2026-08-13,2026-08-13 09:30:00,2026-08-13 09:35:00,2026-08-13 11:25:00,570.7000122070312,560.0848898573223,583.6226957315947,8.615122349708969,556.75,556.75,False,stop,-1.6192471378543454,290,-4045.5,202.46,-4247.97,-1.699
EIMCOELECO,A,LONG,2026-08-13,2026-08-13 09:35:00,2026-08-13 09:40:00,2026-08-13 15:10:00,1880.0999755859373,1853.7323397639116,1919.50146594007,26.26766023608836,1889.300048828125,1889.300048828125,False,15:10 flat,0.3502433471233962,95,874.01,217.83,656.18,0.262
DHAMPURSUG,A,LONG,2026-08-13,2026-08-13 09:40:00,2026-08-13 09:45:00,2026-08-13 11:00:00,163.6999969482422,161.66367916880228,166.61947911056612,1.9463214415492955,166.61947911056612,165.0,True,trail,1.083964119185519,1284,2708.91,272.58,2436.32,0.975
YATHARTH,A,SHORT,2026-08-13,2026-08-13 11:10:00,2026-08-13 11:15:00,2026-08-13 11:45:00,846.4500122070312,853.9614141161896,835.782854411653,7.11143853025213,853.9614141161896,853.9614141161896,False,stop,-1.0562422605784774,351,-2636.5,331.14,-2967.64,-1.187
MONARCH,A,LONG,2026-08-14,2026-08-14 09:35:00,2026-08-14 09:40:00,2026-08-14 10:15:00,391.1000061035156,386.1808572762195,399.8287201891864,5.819142723780514,399.8287201891864,404.7999877929688,True,trail,1.9271477638335661,429,4810.96,233.42,4577.53,1.831
GENESYS,B,SHORT,2026-08-14,2026-08-14 09:55:00,2026-08-14 10:05:00,2026-08-14 11:25:00,197.0000030517578,200.46758063615218,191.79863667516625,3.4675775843943684,191.79863667516625,191.5500030517578,True,trail,1.535851198330413,720,3834.49,204.49,3630.0,1.452
KRSNAA,A,LONG,2026-08-14,2026-08-14 10:05:00,2026-08-14 10:10:00,2026-08-14 10:10:00,572.0499877929688,565.4362850349523,585.0455236194465,8.663690550985171,565.4362850349523,565.4362850349523,False,stop,-0.7633816927203563,288,-1904.75,203.0,-2107.75,-0.843
MONARCH,A,LONG,2026-08-14,2026-08-14 10:25:00,2026-08-14 10:30:00,2026-08-14 12:30:00,399.4500122070313,391.2970302341656,410.7044485452361,7.502957558803214,391.2970302341656,391.2970302341656,False,stop,-1.0866357578285648,333,-2714.94,172.3,-2887.24,-1.155
MMFL,A,SHORT,2026-08-14,2026-08-14 10:40:00,2026-08-14 10:45:00,2026-08-14 14:00:00,595.0,602.4819425030817,584.1520862453774,7.231942503081704,584.1520862453774,594.2999877929688,True,trail,0.7983972464336516,345,1992.02,265.59,1726.43,0.691
APOLLOPIPE,A,LONG,2026-08-17,2026-08-17 09:30:00,2026-08-17 09:35:00,2026-08-17 10:05:00,521.7000122070312,516.1552255493486,529.192210504102,4.99479886471382,529.192210504102,522.2217122192383,True,breakeven,0.802224326378052,500,2003.47,320.42,1683.05,0.673
SHRIRAMPPS,A,SHORT,2026-08-17,2026-08-17 09:45:00,2026-08-17 09:50:00,2026-08-17 15:10:00,75.98999786376953,76.68963124084148,74.8655546646167,0.7496287994352223,76.08000183105469,76.08000183105469,False,15:10 flat,-0.1200647138329879,3334,-300.07,288.61,-588.69,-0.235
IZMO,B,LONG,2026-08-17,2026-08-17 10:00:00,2026-08-17 10:05:00,2026-08-17 10:30:00,949.6499755859376,934.0841632151856,972.9986941420655,15.565812370751955,934.0841632151856,934.0841632151856,False,stop,-0.9999999999999983,160,-2490.53,190.46,-2680.99,-1.072
RUBYMILLS,A,LONG,2026-08-17,2026-08-17 10:35:00,2026-08-17 10:40:00,2026-08-17 15:15:00,382.4500122070313,370.8470826303661,399.85440657202906,11.602929576665165,382.4500122070313,382.4500122070313,False,15:10 flat,0.0,215,0.0,125.52,-125.52,-0.05
NITINSPIN,A,LONG,2026-08-18,2026-08-18 09:50:00,2026-08-18 09:55:00,2026-08-18 11:05:00,594.6500244140625,582.6087695269913,612.4868701235755,11.891230473008681,582.6087695269913,582.6087695269913,False,stop,-1.0126163910793804,210,-2528.66,164.66,-2693.32,-1.077
JINDRILL,A,LONG,2026-08-18,2026-08-18 11:00:00,2026-08-18 11:05:00,2026-08-18 13:50:00,632.0999755859375,622.5642030559,647.0786526915406,9.985784737068755,647.0786526915406,665.4000244140625,True,trail,2.417372655476444,250,6034.84,224.85,5809.99,2.324
UTTAMSUGAR,A,LONG,2026-08-19,2026-08-19 09:30:00,2026-08-19 09:35:00,2026-08-19 11:25:00,301.2799987792969,296.24550529655005,308.05175548290924,4.514504469074924,296.24550529655005,296.24550529655005,False,stop,-1.1151818582158703,553,-2784.07,204.25,-2988.33,-1.195
PRAKASH,B,SHORT,2026-08-19,2026-08-19 10:10:00,2026-08-19 10:15:00,2026-08-19 14:45:00,132.3000061035156,133.36389294319355,130.7041758439987,1.0638868396779375,133.36389294319355,133.36389294319355,False,stop,-0.9999999999999971,2349,-2499.07,344.11,-2843.18,-1.137
ORIENTHOT,A,LONG,2026-08-19,2026-08-19 11:10:00,2026-08-19 11:15:00,2026-08-19 12:40:00,131.33999633789062,129.1222506462648,134.60662494613013,2.1777524054929995,134.60662494613013,137.5,True,trail,2.164303032468669,1147,5406.17,217.45,5188.72,2.075
RATEGAIN,A,LONG,2026-08-20,2026-08-20 09:30:00,2026-08-20 09:35:00,2026-08-20 10:35:00,951.7999877929688,942.9547238545543,964.9179203216842,8.74528835247691,942.9547238545543,942.9547238545543,False,stop,-1.011431937050901,285,-2520.9,304.09,-2824.99,-1.13
EDELWEISS,A,LONG,2026-08-20,2026-08-20 09:50:00,2026-08-20 09:55:00,2026-08-20 10:50:00,127.20999908447266,125.83635171982894,129.40547608236594,1.4636513319288529,129.40547608236594,129.22000122070312,True,trail,1.4366396703857112,1708,3591.48,279.85,3311.63,1.325
FUSION,A,LONG,2026-08-20,2026-08-20 10:00:00,2026-08-20 10:05:00,2026-08-20 10:40:00,201.8999938964844,199.34228822795376,205.73655239928038,2.5577056685306543,205.73655239928038,202.3800048828125,True,trail,0.8438362439889051,977,2108.64,259.91,1848.73,0.739
CANTABIL,A,LONG,2026-08-20,2026-08-20 10:35:00,2026-08-20 10:40:00,2026-08-20 11:30:00,251.3000030517578,246.48275482946852,258.12086897650033,4.54724394982835,246.48275482946852,246.48275482946852,False,stop,-1.059377564837078,549,-2644.67,177.05,-2821.72,-1.129
PITTIENG,A,SHORT,2026-08-20,2026-08-20 11:15:00,2026-08-20 11:20:00,2026-08-20 11:40:00,1039.050048828125,1049.4894769410648,1025.7908700376215,8.839452527002365,1049.4894769410648,1049.4894769410648,False,stop,-1.1810039231558656,282,-2943.92,327.36,-3271.28,-1.309
SUNFLAG,A,SHORT,2026-08-21,2026-08-21 09:35:00,2026-08-21 09:40:00,2026-08-21 12:05:00,356.79998779296875,359.6929454980821,352.2355603905721,3.0429516015977365,352.2355603905721,351.20001220703125,True,trail,1.6701552175521286,821,4172.49,348.28,3824.21,1.53
JAICORPLTD,A,LONG,2026-08-21,2026-08-21 09:40:00,2026-08-21 09:45:00,2026-08-21 13:10:00,104.20999908447266,102.94372448391218,106.10941098531336,1.2662746005604726,102.94372448391218,102.94372448391218,False,stop,-1.0000000000000049,1974,-2499.63,241.66,-2741.29,-1.097
JAYNECOIND,A,LONG,2026-08-21,2026-08-21 09:40:00,2026-08-21 09:45:00,2026-08-21 10:45:00,96.87999725341795,95.67324914246747,98.45012537077143,1.0467520782356543,98.45012537077143,97.8499984741211,True,trail,1.2133385693096084,2388,3032.91,292.93,2739.99,1.096
KCP,A,LONG,2026-08-24,2026-08-24 09:55:00,2026-08-24 10:00:00,2026-08-24 10:45:00,174.97000122070312,171.50594216509208,179.59608247990093,3.084054172798541,179.59608247990093,176.22999572753906,True,trail,0.9542756767940594,810,2383.86,207.18,2176.68,0.871
EIMCOELECO,A,LONG,2026-08-24,2026-08-24 10:00:00,2026-08-24 10:05:00,2026-08-24 15:10:00,2234.199951171875,2207.7517639104235,2274.9221588218647,27.14813843332653,2253.300048828125,2253.300048828125,False,15:10 flat,0.703550915771193,92,1757.21,244.0,1513.21,0.605
SUNTECK,A,LONG,2026-08-24,2026-08-24 10:30:00,2026-08-24 10:35:00,2026-08-24 15:10:00,307.79998779296875,305.01197326370266,312.2070462079616,2.938038943328565,307.6000061035156,307.6000061035156,False,15:10 flat,-0.06806638486097179,850,-169.98,296.29,-466.27,-0.187
IOLCP,A,LONG,2026-08-24,2026-08-24 10:50:00,2026-08-24 10:55:00,2026-08-24 11:20:00,173.9199981689453,172.00672454668873,176.69991226443955,1.853276063662819,172.00672454668873,172.00672454668873,False,stop,-1.0323737837930007,1348,-2579.09,268.98,-2848.08,-1.139
ARIHANTCAP,A,LONG,2026-08-25,2026-08-25 09:45:00,2026-08-25 09:50:00,2026-08-25 09:55:00,79.61000061035156,78.67671084631868,81.59493434087354,1.3232891536813178,78.67671084631868,78.67671084631868,False,stop,-0.7052802945119871,1889,-1762.98,189.4,-1952.38,-0.781
NFL,B,LONG,2026-08-25,2026-08-25 09:45:00,2026-08-25 09:50:00,2026-08-25 10:10:00,75.14999847412109,74.11669142389454,76.69995904946092,1.033307050226554,74.11669142389454,74.11669142389454,False,stop,-1.0000000000000002,2419,-2499.57,218.88,-2718.45,-1.087
KSCL,A,LONG,2026-08-25,2026-08-25 09:55:00,2026-08-25 10:00:00,2026-08-25 11:40:00,781.0499877929688,775.7815833683912,790.9025761192883,6.568392217546306,790.9025761192883,786.5,True,trail,1.1648665325186083,380,2907.49,355.19,2552.3,1.021
ACI,A,SHORT,2026-08-26,2026-08-26 09:30:00,2026-08-26 09:35:00,2026-08-26 15:10:00,489.8500061035156,494.39698956405243,483.10451260216354,4.496995667568048,489.2999877929688,489.2999877929688,False,15:10 flat,0.12230794761789601,555,305.26,306.03,-0.77,-0.0
KSL,A,SHORT,2026-08-26,2026-08-26 09:35:00,2026-08-26 09:40:00,2026-08-26 11:50:00,868.5,875.2697875358369,856.5453003856977,7.969799742868156,883.8499755859375,883.8499755859375,False,stop,-1.9260177270669263,313,-4804.54,307.87,-5112.42,-2.045
STARCEMENT,A,SHORT,2026-08-28,2026-08-28 09:40:00,2026-08-28 09:45:00,2026-08-28 10:20:00,185.8500061035156,187.33378990325545,183.27931392441369,1.7137947860679374,187.3500061035156,187.3500061035156,False,stop,-0.8752506497242534,1458,-2187.0,306.09,-2493.09,-0.997
SIMPLEXINF,A,LONG,2026-08-28,2026-08-28 09:45:00,2026-08-28 09:50:00,2026-08-28 11:25:00,270.5299987792969,266.5616268512366,276.4975713198248,3.9783816936852716,266.5299987792969,266.5299987792969,False,stop,-1.0054339447492036,628,-2512.0,207.54,-2719.54,-1.088
BLKASHYAP,A,SHORT,2026-08-31,2026-08-31 09:40:00,2026-08-31 09:45:00,2026-08-31 15:10:00,55.790000915527344,57.34752403874193,53.61871714623281,1.4475225128630242,55.83000183105469,55.83000183105469,False,15:10 flat,-0.02763405416626425,1727,-69.08,138.99,-208.07,-0.083
VIMTALABS,A,LONG,2026-08-31,2026-08-31 09:45:00,2026-08-31 09:50:00,2026-08-31 14:50:00,654.9000244140625,644.1207525359019,670.9938589891158,10.729223050035511,644.1207525359019,644.1207525359019,False,stop,-1.0046647206318338,233,-2511.57,191.06,-2702.63,-1.081
VENKEYS,A,LONG,2026-08-31,2026-08-31 09:50:00,2026-08-31 09:55:00,2026-08-31 11:00:00,1652.800048828125,1631.73119012962,1686.2032636336949,22.26880987037993,1686.2032636336949,1683.0999755859375,True,trail,1.4303220947634665,112,3567.38,249.2,3318.17,1.327
RPGLIFE,A,LONG,2026-08-31,2026-08-31 11:25:00,2026-08-31 11:30:00,2026-08-31 12:30:00,2614.89990234375,2599.1295359927058,2653.5554518703166,25.770366351044274,2653.5554518703166,2638.60009765625,True,trail,1.2098342722345463,97,3024.25,314.16,2710.1,1.084
ACI,A,LONG,2026-09-01,2026-09-01 09:55:00,2026-09-01 10:00:00,2026-09-01 10:50:00,504.2999877929688,496.73431845698235,515.1235284180422,7.215693750048933,496.73431845698235,496.73431845698235,False,stop,-1.0485020010633281,346,-2617.72,211.86,-2829.58,-1.132
SOTL,A,LONG,2026-09-01,2026-09-01 10:05:00,2026-09-01 10:10:00,2026-09-01 13:45:00,761.0,743.8734738508161,786.6897892237757,17.12652614918384,743.8734738508161,743.8734738508161,False,stop,-1.0000000000000013,145,-2483.35,150.84,-2634.19,-1.054
DYCL,A,LONG,2026-09-01,2026-09-01 10:10:00,2026-09-01 10:15:00,2026-09-01 12:25:00,503.7999877929688,495.73299509185716,514.5504859999097,7.1669988046272355,514.5504859999097,552.0,True,trail,4.112635708541756,348,10257.39,243.8,10013.59,4.005
SUPRIYA,A,LONG,2026-09-02,2026-09-02 09:40:00,2026-09-02 09:45:00,2026-09-02 09:50:00,839.2999877929688,827.6849843577862,857.5474746351957,12.164991228151314,827.6849843577862,827.6849843577862,False,stop,-0.9547892980229987,205,-2381.08,209.68,-2590.76,-1.036
BHAGERIA,A,LONG,2026-09-02,2026-09-02 09:55:00,2026-09-02 10:00:00,2026-09-02 11:00:00,276.3500061035156,269.794908721161,286.18265217704754,6.555097382354615,269.794908721161,269.794908721161,False,stop,-1.0000000000000027,381,-2497.49,146.02,-2643.51,-1.057
VENUSPIPES,A,LONG,2026-09-02,2026-09-02 10:30:00,2026-09-02 10:35:00,2026-09-02 11:50:00,1626.9000244140625,1612.4815209048882,1650.0277796778241,15.418503509174347,1612.4815209048882,1612.4815209048882,False,stop,-0.9351428626387132,162,-2335.8,296.86,-2632.65,-1.053
HUBTOWN,A,LONG,2026-09-03,2026-09-03 10:30:00,2026-09-03 10:35:00,2026-09-03 10:40:00,193.8300018310547,190.12134107120204,199.39299297083366,3.708660759852641,190.12134107120204,190.12134107120204,False,stop,-1.000000000000002,674,-2499.64,170.16,-2669.8,-1.068
WHEELS,A,LONG,2026-09-03,2026-09-03 11:10:00,2026-09-03 11:15:00,2026-09-03 12:35:00,1620.0999755859375,1607.6585573257883,1646.112139597255,17.341442674211716,1646.112139597255,1670.0,True,trail,2.188750666582898,144,5465.68,296.21,5169.47,2.068
JAGSNPHARM,A,SHORT,2026-09-04,2026-09-04 09:35:00,2026-09-04 09:40:00,2026-09-04 10:50:00,239.9900054931641,241.82750243895208,236.66375275026337,2.217501828600484,241.82750243895208,241.82750243895208,False,stop,-0.8286337905514495,1127,-2070.86,305.57,-2376.43,-0.951
SUPRIYA,A,LONG,2026-09-04,2026-09-04 09:45:00,2026-09-04 09:50:00,2026-09-04 15:05:00,866.7000122070312,855.3422607227574,880.8116211228952,9.407739277242662,855.3422607227574,855.3422607227574,False,stop,-1.207277449934045,265,-3009.8,264.19,-3273.99,-1.31
ANDHRAPAP,A,SHORT,2026-09-04,2026-09-04 10:00:00,2026-09-04 10:05:00,2026-09-04 14:00:00,62.5,63.04039722110026,61.629402795058596,0.5803981366276038,63.04039722110026,63.04039722110026,False,stop,-0.9310802137309196,4307,-2327.49,304.44,-2631.93,-1.053
GOCOLORS,A,LONG,2026-09-07,2026-09-07 09:45:00,2026-09-07 09:50:00,2026-09-07 10:25:00,336.8500061035156,334.6340360397256,341.82397035447417,3.315976167305685,341.82397035447417,337.3500061035156,True,trail,0.8253925804608965,753,2060.95,313.6,1747.35,0.699
NIITMTS,A,SHORT,2026-09-07,2026-09-07 09:50:00,2026-09-07 09:55:00,2026-09-07 12:25:00,223.50999450683597,225.69143531259257,220.23783329820105,2.181440805756608,225.69143531259257,225.69143531259257,False,stop,-1.0000000000000002,1146,-2499.93,292.08,-2792.01,-1.117
SAMHI,A,SHORT,2026-09-07,2026-09-07 10:00:00,2026-09-07 10:05:00,2026-09-07 10:15:00,149.8000030517578,151.44461094751026,147.40809578576585,1.5946048439946368,151.44461094751026,151.44461094751026,False,stop,-1.0313576444635302,1567,-2577.1,271.72,-2848.82,-1.14
MVGJL,A,LONG,2026-09-07,2026-09-07 10:35:00,2026-09-07 10:40:00,2026-09-07 15:10:00,202.1300048828125,196.20799843901437,210.2330081398183,5.402002171337213,210.2330081398183,215.8800048828125,True,15:10 flat,2.0226762748224063,462,5048.04,162.7,4885.34,1.954
OAL,A,LONG,2026-09-07,2026-09-07 11:15:00,2026-09-07 11:20:00,2026-09-07 15:10:00,538.0,526.8256043392764,554.3116118016324,10.874407867754863,534.8499755859375,534.8499755859375,False,15:10 flat,-0.2896731897837906,229,-721.36,164.12,-885.48,-0.354
GLOBUSSPR,A,SHORT,2026-09-08,2026-09-08 09:55:00,2026-09-08 10:00:00,2026-09-08 11:10:00,873.7000122070312,881.5500275045133,862.6749892608082,7.350015297482043,862.6749892608082,868.0,True,trail,1.1377551254202134,340,2843.26,352.69,2490.56,0.996
NDRAUTO,A,SHORT,2026-09-08,2026-09-08 10:00:00,2026-09-08 10:05:00,2026-09-08 12:15:00,713.9000244140625,720.3071267164936,704.5143160287753,6.257138923524833,720.3071267164936,720.3071267164936,False,stop,-1.0239667651204694,399,-2556.43,319.44,-2875.87,-1.15
WHEELS,A,LONG,2026-09-08,2026-09-08 10:00:00,2026-09-08 10:05:00,2026-09-08 14:20:00,1892.0,1853.8765455441726,1950.3852549259286,38.92350328395237,1950.3852549259286,2046.0,True,trail,2.7282392000605475,64,6796.33,190.11,6606.21,2.642
SKIPPER,A,LONG,2026-09-09,2026-09-09 09:30:00,2026-09-09 09:35:00,2026-09-09 09:40:00,611.0499877929688,606.0772700964661,618.9590460271759,5.272705489471411,606.0772700964661,606.0772700964661,False,stop,-0.9431055283539348,474,-2357.07,321.68,-2678.75,-1.072
ADOR,A,LONG,2026-09-09,2026-09-09 09:35:00,2026-09-09 09:40:00,2026-09-09 10:10:00,1686.300048828125,1657.5796898232215,1722.9305140932927,24.420310176778454,1657.5796898232215,1657.5796898232215,False,stop,-1.176084939011707,102,-2929.48,209.31,-3138.78,-1.256
BANCOINDIA,A,LONG,2026-09-09,2026-09-09 09:40:00,2026-09-09 09:45:00,2026-09-09 11:10:00,636.5999755859375,631.6298850851235,645.255184579346,5.770139328939005,645.255184579346,639.4500122070312,True,trail,0.9969642809836403,433,2490.89,334.8,2156.08,0.862
INDIANHUME,A,SHORT,2026-09-09,2026-09-09 09:45:00,2026-09-09 09:50:00,2026-09-09 15:10:00,383.0,387.1222199277135,376.59167926370316,4.2722138241978875,376.59167926370316,380.0,True,15:10 flat,1.101106021778213,585,2751.93,283.19,2468.74,0.987
BHARATRAS,A,LONG,2026-09-10,2026-09-10 09:35:00,2026-09-10 09:40:00,2026-09-10 10:00:00,1193.699951171875,1188.599158003601,1209.3012141664738,10.400841996399175,1209.3012141664738,1198.300048828125,True,trail,0.9711406373562146,240,2424.16,345.09,2079.08,0.832
ISGEC,A,LONG,2026-09-10,2026-09-10 09:35:00,2026-09-10 09:40:00,2026-09-10 10:15:00,809.3499755859375,800.9345347941512,820.1732100158044,7.2154896199112795,820.1732100158044,814.0999755859375,True,trail,1.0791529923965457,346,2694.17,339.1,2355.07,0.942
JAMNAAUTO,A,LONG,2026-09-10,2026-09-10 09:35:00,2026-09-10 09:40:00,2026-09-10 10:15:00,130.75,129.43899970020632,132.38649861863584,1.0909990790905617,132.38649861863584,131.8300018310547,True,trail,1.2449600103947644,2291,3111.75,357.93,2753.82,1.102
ADVENZYMES,A,LONG,2026-09-10,2026-09-10 10:25:00,2026-09-10 10:30:00,2026-09-10 10:50:00,307.45001220703125,304.16504944614394,311.70243803781534,2.8349505538560593,304.16504944614394,304.16504944614394,False,stop,-1.1587372331482646,881,-2894.05,303.49,-3197.54,-1.279
PARAGMILK,A,LONG,2026-09-10,2026-09-10 10:30:00,2026-09-10 10:35:00,2026-09-10 11:40:00,259.75,256.9875890634644,263.8936164048034,2.762410936535627,263.8936164048034,269.8500061035156,True,trail,2.5781143420649335,905,6445.24,298.47,6146.76,2.459
GULFOILLUB,A,SHORT,2026-09-11,2026-09-11 10:05:00,2026-09-11 10:10:00,2026-09-11 11:40:00,1048.699951171875,1058.6531363437716,1034.2202466562178,9.653136343771525,1058.6531363437716,1058.6531363437716,False,stop,-1.0310830405206797,258,-2567.92,305.84,-2873.76,-1.15
DOLLAR,A,LONG,2026-09-11,2026-09-11 10:30:00,2026-09-11 10:35:00,2026-09-11 15:10:00,273.70001220703125,270.90730408071465,277.0640469306859,2.2426898157697415,274.0,274.0,False,15:10 flat,0.1337624984335105,1114,334.19,337.8,-3.61,-0.001
HATSUN,A,LONG,2026-09-15,2026-09-15 09:30:00,2026-09-15 09:35:00,2026-09-15 10:40:00,1276.4000244140625,1256.8590418709825,1306.6114616075888,20.140958129017545,1306.6114616075888,1310.0999755859375,True,trail,1.5866024832582988,124,3962.51,223.87,3738.64,1.495
KTKBANK,A,LONG,2026-09-15,2026-09-15 09:30:00,2026-09-15 09:35:00,2026-09-15 10:45:00,330.0,327.63376672758244,333.9993315980795,2.6662210653863174,327.63376672758244,327.63376672758244,False,stop,-0.8874857764559402,937,-2217.16,340.41,-2557.57,-1.023
PNBGILTS,A,SHORT,2026-09-15,2026-09-15 09:30:00,2026-09-15 09:35:00,2026-09-15 12:25:00,78.9000015258789,79.64043809178955,77.78934667701294,0.7404365659106392,77.78934667701294,77.62000274658203,True,trail,1.6143541109579382,3376,4035.42,323.02,3712.4,1.485
SANGHVIMOV,A,SHORT,2026-09-15,2026-09-15 10:50:00,2026-09-15 10:55:00,2026-09-15 14:40:00,415.5,420.07232932756654,408.6415060086502,4.572329327566538,408.6415060086502,406.3500061035156,True,trail,1.7505834270640928,546,4370.32,285.28,4085.04,1.634
DBREALTY,A,SHORT,2026-09-15,2026-09-15 10:55:00,2026-09-15 11:00:00,2026-09-15 15:10:00,96.8000030517578,97.63245080593494,95.55133142049208,0.8324477541771443,97.0,97.0,False,15:10 flat,-0.24025165211706787,3003,-600.59,324.29,-924.88,-0.37
DYNAMATECH,A,SHORT,2026-09-16,2026-09-16 09:35:00,2026-09-16 09:40:00,2026-09-16 10:15:00,11812.0,11967.705603549406,11572.44159467589,159.7056035494056,11572.44159467589,11724.0,True,trail,1.025506926633221,15,2456.69,238.66,2218.03,0.887
DODLA,A,SHORT,2026-09-16,2026-09-16 09:40:00,2026-09-16 09:45:00,2026-09-16 15:10:00,1064.5999755859375,1073.9912226137692,1046.76310504419,11.891247027831637,1065.0,1065.0,False,15:10 flat,-0.033640240853313116,210,-84.01,260.17,-344.17,-0.138
DCAL,A,SHORT,2026-09-18,2026-09-18 09:40:00,2026-09-18 09:45:00,2026-09-18 09:55:00,157.83999633789062,159.39285325007978,155.73572470251705,1.4028477569157272,159.39285325007978,159.39285325007978,False,stop,-1.106931885184203,1782,-2767.19,316.11,-3083.3,-1.233
ORIENTCEM,A,LONG,2026-09-18,2026-09-18 09:55:00,2026-09-18 10:00:00,2026-09-18 10:35:00,124.62999725341795,123.79214381861703,126.20177603232834,1.0478525192735926,123.79214381861703,123.79214381861703,False,stop,-0.7995909914705827,2385,-1998.28,329.14,-2327.42,-0.931
BAJAJHCARE,A,LONG,2026-09-21,2026-09-21 09:30:00,2026-09-21 09:35:00,2026-09-21 10:00:00,337.8999938964844,334.4209937354211,342.51850329335275,3.0790062645789003,342.51850329335275,338.2378938903808,True,breakeven,0.8048715989609503,811,2009.82,332.99,1676.84,0.671
MANAKCOAT,B,LONG,2026-09-21,2026-09-21 09:45:00,2026-09-21 09:50:00,2026-09-21 13:55:00,131.25999450683594,129.74729110468058,133.22904961006896,1.3127034021553519,133.22904961006896,135.8000030517578,True,trail,2.4792590761429967,1904,6196.63,312.47,5884.16,2.354
IRISDOREME,A,LONG,2026-09-22,2026-09-22 10:05:00,2026-09-22 10:10:00,2026-09-22 12:50:00,67.12999725341797,65.58483625588586,69.59774790498956,1.6451671010477282,65.58483625588586,65.58483625588586,False,stop,-0.9392121909975397,1519,-2347.1,142.95,-2490.05,-0.996
PIXTRANS,A,LONG,2026-09-23,2026-09-23 09:40:00,2026-09-23 09:45:00,2026-09-23 09:55:00,1807.699951171875,1786.7356406751417,1839.5964901591626,21.2643593248584,1786.7356406751417,1786.7356406751417,False,stop,-0.9858895900158015,117,-2452.82,247.21,-2700.03,-1.08
NOCIL,A,LONG,2026-09-23,2026-09-23 09:45:00,2026-09-23 09:50:00,2026-09-23 12:35:00,200.91000366210935,198.53033294488432,204.6145042447829,2.469667055115691,204.6145042447829,206.3999938964844,True,trail,1.8614838785663539,1012,4652.41,267.18,4385.23,1.754
DATAMATICS,A,LONG,2026-09-23,2026-09-23 09:50:00,2026-09-23 09:55:00,2026-09-23 10:55:00,803.3499755859375,791.9232871902657,820.415026489992,11.37670060270303,791.9232871902657,791.9232871902657,False,stop,-1.0043938743502585,219,-2502.44,213.3,-2715.75,-1.086
EMIL,A,SHORT,2026-09-23,2026-09-23 09:50:00,2026-09-23 09:55:00,2026-09-23 10:10:00,189.1300048828125,191.73354848098595,185.67467117500547,2.3035558052046836,191.73354848098595,191.73354848098595,False,stop,-1.130228142201272,1085,-2824.84,243.68,-3068.53,-1.227
AARTIDRUGS,B,LONG,2026-09-24,2026-09-24 10:10:00,2026-09-24 10:15:00,2026-09-24 13:25:00,445.55,440.64109941456337,452.9133508781549,4.90890058543662,440.64109941456337,440.64109941456337,False,stop,-1.0000000000000042,509,-2498.63,261.74,-2760.37,-1.104
SANGAMIND,A,LONG,2026-09-24,2026-09-24 10:45:00,2026-09-24 10:50:00,2026-09-24 12:00:00,577.5999755859375,572.2165017366658,585.5252229809388,5.283498263334195,585.5252229809388,585.1500244140625,True,trail,1.4644933576036117,473,3659.91,333.16,3326.75,1.331
GMBREW,A,LONG,2026-09-25,2026-09-25 09:30:00,2026-09-25 09:35:00,2026-09-25 09:40:00,977.0,969.8906643227996,989.0890218263476,8.05934788423172,969.8906643227996,969.8906643227996,False,stop,-0.8821229433599685,310,-2203.89,334.38,-2538.27,-1.015
RICOAUTO,A,LONG,2026-09-25,2026-09-25 09:30:00,2026-09-25 09:35:00,2026-09-25 10:35:00,132.39999389648438,130.76531137612312,134.56703690310047,1.444695337744073,130.76531137612312,130.76531137612312,False,stop,-1.1315067458540076,1730,-2828.0,263.7,-3091.7,-1.237
NIITMTS,A,SHORT,2026-09-25,2026-09-25 09:50:00,2026-09-25 09:55:00,2026-09-25 10:05:00,211.3699951171875,213.4777393563065,208.1483888293098,2.147737525251813,213.4777393563065,213.4777393563065,False,stop,-0.9813788763000155,1164,-2453.41,282.43,-2735.85,-1.094
BHARATWIRE,A,LONG,2026-09-28,2026-09-28 10:05:00,2026-09-28 10:10:00,2026-09-28 10:25:00,168.9199981689453,166.90865327176175,172.35701368366597,2.291343676480441,166.90865327176175,166.90865327176175,False,stop,-0.8778014916876357,1091,-2194.38,221.44,-2415.82,-0.966
SUNTECK,A,SHORT,2026-09-28,2026-09-28 10:05:00,2026-09-28 10:10:00,2026-09-28 10:35:00,277.1499938964844,279.0249708992631,273.8125192370428,2.224983106294385,279.0249708992631,279.0249708992631,False,stop,-0.8426926916768505,1123,-2105.6,344.41,-2450.01,-0.98
SAMHI,A,SHORT,2026-09-28,2026-09-28 10:15:00,2026-09-28 10:20:00,2026-09-28 15:10:00,151.89999389648438,153.13452509602817,149.85321266113354,1.3645208235672244,149.85321266113354,150.25,True,trail,1.3546056124562635,1832,3386.25,334.61,3051.64,1.221
JLHL,A,SHORT,2026-09-29,2026-09-29 09:30:00,2026-09-29 09:35:00,2026-09-29 14:50:00,256.8500061035156,261.31389390045905,252.1041560975536,3.1639000039746796,261.31389390045905,261.31389390045905,False,stop,-1.4108814410492188,790,-3526.47,241.75,-3768.23,-1.507
PGHL,A,LONG,2026-09-29,2026-09-29 09:30:00,2026-09-29 09:35:00,2026-09-29 11:00:00,5478.5,5445.367001310067,5552.199498034899,49.13299868993286,5552.199498034899,5588.0,True,trail,1.8643223792529873,50,4579.99,334.39,4245.6,1.698
BOROLTD,A,LONG,2026-09-30,2026-09-30 09:35:00,2026-09-30 09:40:00,2026-09-30 13:55:00,288.6400146484375,284.1944634532734,294.6183084821993,3.9855292225078895,294.6183084821993,299.3399963378906,True,trail,2.0923539374678284,627,5228.64,246.24,4982.4,1.993
LXCHEM,A,LONG,2026-09-30,2026-09-30 10:10:00,2026-09-30 10:15:00,2026-09-30 10:45:00,181.77999877929688,179.86039455285356,184.65940511896187,1.919604226443326,179.86039455285356,179.86039455285356,False,stop,-0.9999999999999926,1302,-2499.32,271.16,-2770.48,-1.108
KAPSTON,A,SHORT,2026-09-30,2026-09-30 11:15:00,2026-09-30 11:20:00,2026-09-30 15:10:00,554.4000244140625,558.7861829347125,547.2207500119936,4.786182934712583,547.2207500119936,549.5499877929688,True,trail,1.2566706274344541,522,3139.65,345.29,2794.36,1.118
GALAXYSURF,A,LONG,2026-10-01,2026-10-01 09:35:00,2026-10-01 09:40:00,2026-10-01 10:50:00,2411.10009765625,2380.3495066760897,2457.375764399928,30.85044449578522,2457.375764399928,2446.10009765625,True,trail,1.3172527668893355,81,3291.66,258.74,3032.92,1.213
INDRAMEDCO,B,SHORT,2026-10-01,2026-10-01 09:50:00,2026-10-01 09:55:00,2026-10-01 10:10:00,338.49998779296874,341.3145410514343,334.2781579052704,2.8145532584655384,341.3145410514343,341.3145410514343,False,stop,-0.9999999999999996,888,-2499.32,334.41,-2833.73,-1.133
MUKANDLTD,A,LONG,2026-10-05,2026-10-05 09:30:00,2026-10-05 09:35:00,2026-10-05 10:10:00,182.8999938964844,178.6093700602092,188.3009488769714,3.600636653657994,188.3009488769714,183.7899932861328,True,trail,0.8735891698130998,694,2182.96,192.98,1989.98,0.796
SPORTKING,A,SHORT,2026-10-05,2026-10-05 09:35:00,2026-10-05 09:40:00,2026-10-05 11:50:00,201.5500030517578,204.53366841609318,197.07450500525476,2.9836653643353652,197.07450500525476,197.5,True,trail,1.4286959255164298,837,3567.92,230.17,3337.75,1.335
DELTACORP,A,LONG,2026-10-05,2026-10-05 09:40:00,2026-10-05 09:45:00,2026-10-05 10:40:00,76.23999786376953,74.1827155332698,79.46092731044686,2.147286297784891,74.1827155332698,74.1827155332698,False,stop,-0.9580847847918526,1164,-2394.68,130.32,-2525.0,-1.01
NELCAST,A,LONG,2026-10-05,2026-10-05 10:10:00,2026-10-05 10:15:00,2026-10-05 10:55:00,122.5999984741211,120.99701174694121,124.91448222700029,1.542989168586136,120.99701174694121,120.99701174694121,False,stop,-1.0388839791070748,1620,-2596.84,234.85,-2831.68,-1.133
APEX,A,LONG,2026-10-06,2026-10-06 10:20:00,2026-10-06 10:25:00,2026-10-06 15:10:00,335.45001220703125,331.1112423861899,340.83316693829335,3.588769820841381,340.83316693829335,339.25,True,trail,1.2794276287797517,696,3195.73,295.05,2900.69,1.16
DOLLAR,A,LONG,2026-10-07,2026-10-07 09:40:00,2026-10-07 09:45:00,2026-10-07 10:10:00,283.5,280.1191964303962,287.97121450967916,2.980809673119433,280.1000061035156,280.1000061035156,False,stop,-1.1406276379015718,838,-2849.19,271.81,-3121.0,-1.248
DEEPINDS,A,LONG,2026-10-07,2026-10-07 09:50:00,2026-10-07 09:55:00,2026-10-07 11:40:00,781.6500244140625,771.0857057220088,798.6964841415962,11.364306485022448,798.6964841415962,791.6500244140625,True,trail,1.1899740544299606,219,2961.59,235.58,2726.01,1.09
