day,pnl_rs
2026-07-16,-8486.05
2026-07-17,-752.4099999999999
2026-07-20,-11237.91
2026-07-21,-4686.75
2026-07-22,-7462.55
2026-07-23,2584.6500000000005
2026-07-24,-12639.78
2026-07-27,89.3699999999996
2026-07-28,552.9200000000001
2026-07-29,-5010.200000000001
2026-07-30,1103.5700000000002
2026-07-31,-1851.6000000000004
2026-08-03,11933.49
2026-08-04,-11993.08
2026-08-05,-2839.5
2026-08-06,-6339.55
2026-08-07,3566.59
2026-08-10,-12647.61
2026-08-11,-6028.12
2026-08-12,3948.7200000000003
2026-08-13,-10570.11
2026-08-14,-9169.86
2026-08-17,-2193.33
2026-08-18,-1197.89
2026-08-19,1821.2499999999995
2026-08-20,-6411.29
2026-08-21,-1328.2900000000004
2026-08-24,-9454.34
2026-08-25,1986.9900000000002
2026-08-26,-6531.209999999999
2026-08-27,-2993.73
2026-08-28,-2642.7700000000004
2026-08-31,-5555.950000000001
2026-09-01,12223.37
2026-09-02,-5659.32
2026-09-03,-12019.42
2026-09-04,8833.949999999999
2026-09-07,-5787.7
2026-09-08,-2957.9700000000003
2026-09-09,-9327.9
2026-09-10,-12201.11
2026-09-11,11668.57
2026-09-15,6499.030000000001
2026-09-16,-5836.15
2026-09-17,-2378.0099999999998
2026-09-18,-12459.95
2026-09-21,-6310.3
2026-09-22,17519.64
2026-09-23,10072.19
2026-09-24,-8962.0
2026-09-25,-3290.56
2026-09-28,8766.29
2026-09-29,-1488.1699999999998
2026-09-30,-885.4400000000005
2026-10-01,-6551.67
2026-10-05,-12454.21
2026-10-06,-5892.719999999999
2026-10-07,-6115.96
